id,category,field,old_value,new_value,source_url,confidence,agent_id,stage
401,gpu,core_clock_mhz,NULL,2300,https://www.nvidia.com/en-us/geforce/graphics-cards/50-series/rtx-5070-family/,0.90,www.nvidia.com,2.5v
401,gpu,memory_clock_mhz,NULL,28000,https://www.nvidia.com/en-us/geforce/graphics-cards/50-series/rtx-5070-family/,0.90,www.nvidia.com,2.5v
401,gpu,needs_extra_power,NULL,True,https://www.nvidia.com/en-us/geforce/graphics-cards/50-series/rtx-5070-family/,0.90,www.nvidia.com,2.5v
401,gpu,tdp_watts,NULL,300,https://www.nvidia.com/en-us/geforce/graphics-cards/50-series/rtx-5070-family/,0.90,www.nvidia.com,2.5v
401,gpu,video_outputs,NULL,1xHDMI2.1+3xDP2.1,https://www.nvidia.com/en-us/geforce/graphics-cards/50-series/rtx-5070-family/,0.90,www.nvidia.com,2.5v
402,gpu,core_clock_mhz,NULL,2310,https://www.nvidia.com/en-us/geforce/graphics-cards/50-series/rtx-5050/,0.90,www.nvidia.com,2.5v
402,gpu,memory_clock_mhz,NULL,20000,https://www.nvidia.com/en-us/geforce/graphics-cards/50-series/rtx-5050/,0.90,www.nvidia.com,2.5v
402,gpu,needs_extra_power,NULL,True,https://www.nvidia.com/en-us/geforce/graphics-cards/50-series/rtx-5050/,0.90,www.nvidia.com,2.5v
402,gpu,tdp_watts,NULL,130,https://www.nvidia.com/en-us/geforce/graphics-cards/50-series/rtx-5050/,0.90,www.nvidia.com,2.5v
402,gpu,video_outputs,NULL,1xHDMI2.1+3xDP2.1,https://www.nvidia.com/en-us/geforce/graphics-cards/50-series/rtx-5050/,0.90,www.nvidia.com,2.5v
403,gpu,core_clock_mhz,NULL,2310,https://www.nvidia.com/en-us/geforce/graphics-cards/50-series/rtx-5050/,0.90,www.nvidia.com,2.5v
403,gpu,memory_clock_mhz,NULL,20000,https://www.nvidia.com/en-us/geforce/graphics-cards/50-series/rtx-5050/,0.90,www.nvidia.com,2.5v
403,gpu,needs_extra_power,NULL,True,https://www.nvidia.com/en-us/geforce/graphics-cards/50-series/rtx-5050/,0.90,www.nvidia.com,2.5v
403,gpu,tdp_watts,NULL,130,https://www.nvidia.com/en-us/geforce/graphics-cards/50-series/rtx-5050/,0.90,www.nvidia.com,2.5v
403,gpu,video_outputs,NULL,1xHDMI2.1+3xDP2.1,https://www.nvidia.com/en-us/geforce/graphics-cards/50-series/rtx-5050/,0.90,www.nvidia.com,2.5v
404,gpu,core_clock_mhz,NULL,2310,https://www.nvidia.com/en-us/geforce/graphics-cards/50-series/rtx-5050/,0.90,www.nvidia.com,2.5v
404,gpu,memory_clock_mhz,NULL,20000,https://www.nvidia.com/en-us/geforce/graphics-cards/50-series/rtx-5050/,0.90,www.nvidia.com,2.5v
404,gpu,needs_extra_power,NULL,True,https://www.nvidia.com/en-us/geforce/graphics-cards/50-series/rtx-5050/,0.90,www.nvidia.com,2.5v
404,gpu,tdp_watts,NULL,130,https://www.nvidia.com/en-us/geforce/graphics-cards/50-series/rtx-5050/,0.90,www.nvidia.com,2.5v
404,gpu,video_outputs,NULL,1xHDMI2.1+3xDP2.1,https://www.nvidia.com/en-us/geforce/graphics-cards/50-series/rtx-5050/,0.90,www.nvidia.com,2.5v
405,gpu,core_clock_mhz,NULL,2310,https://www.nvidia.com/en-us/geforce/graphics-cards/50-series/rtx-5050/,0.90,www.nvidia.com,2.5v
405,gpu,memory_clock_mhz,NULL,20000,https://www.nvidia.com/en-us/geforce/graphics-cards/50-series/rtx-5050/,0.90,www.nvidia.com,2.5v
405,gpu,needs_extra_power,NULL,True,https://www.nvidia.com/en-us/geforce/graphics-cards/50-series/rtx-5050/,0.90,www.nvidia.com,2.5v
405,gpu,tdp_watts,NULL,130,https://www.nvidia.com/en-us/geforce/graphics-cards/50-series/rtx-5050/,0.90,www.nvidia.com,2.5v
405,gpu,video_outputs,NULL,1xHDMI2.1+3xDP2.1,https://www.nvidia.com/en-us/geforce/graphics-cards/50-series/rtx-5050/,0.90,www.nvidia.com,2.5v
406,gpu,core_clock_mhz,NULL,2310,https://www.nvidia.com/en-us/geforce/graphics-cards/50-series/rtx-5050/,0.90,www.nvidia.com,2.5v
406,gpu,memory_clock_mhz,NULL,20000,https://www.nvidia.com/en-us/geforce/graphics-cards/50-series/rtx-5050/,0.90,www.nvidia.com,2.5v
406,gpu,needs_extra_power,NULL,True,https://www.nvidia.com/en-us/geforce/graphics-cards/50-series/rtx-5050/,0.90,www.nvidia.com,2.5v
406,gpu,tdp_watts,NULL,130,https://www.nvidia.com/en-us/geforce/graphics-cards/50-series/rtx-5050/,0.90,www.nvidia.com,2.5v
406,gpu,video_outputs,NULL,1xHDMI2.1+3xDP2.1,https://www.nvidia.com/en-us/geforce/graphics-cards/50-series/rtx-5050/,0.90,www.nvidia.com,2.5v
407,gpu,core_clock_mhz,NULL,2280,https://www.nvidia.com/en-us/geforce/graphics-cards/50-series/rtx-5060-family/,0.90,www.nvidia.com,2.5v
407,gpu,memory_clock_mhz,NULL,28000,https://www.nvidia.com/en-us/geforce/graphics-cards/50-series/rtx-5060-family/,0.90,www.nvidia.com,2.5v
407,gpu,needs_extra_power,NULL,True,https://www.nvidia.com/en-us/geforce/graphics-cards/50-series/rtx-5060-family/,0.90,www.nvidia.com,2.5v
407,gpu,tdp_watts,NULL,145,https://www.nvidia.com/en-us/geforce/graphics-cards/50-series/rtx-5060-family/,0.90,www.nvidia.com,2.5v
407,gpu,video_outputs,NULL,1xHDMI2.1+3xDP2.1,https://www.nvidia.com/en-us/geforce/graphics-cards/50-series/rtx-5060-family/,0.90,www.nvidia.com,2.5v
408,gpu,core_clock_mhz,NULL,2280,https://www.nvidia.com/en-us/geforce/graphics-cards/50-series/rtx-5060-family/,0.90,www.nvidia.com,2.5v
408,gpu,memory_clock_mhz,NULL,28000,https://www.nvidia.com/en-us/geforce/graphics-cards/50-series/rtx-5060-family/,0.90,www.nvidia.com,2.5v
408,gpu,needs_extra_power,NULL,True,https://www.nvidia.com/en-us/geforce/graphics-cards/50-series/rtx-5060-family/,0.90,www.nvidia.com,2.5v
408,gpu,tdp_watts,NULL,145,https://www.nvidia.com/en-us/geforce/graphics-cards/50-series/rtx-5060-family/,0.90,www.nvidia.com,2.5v
408,gpu,video_outputs,NULL,1xHDMI2.1+3xDP2.1,https://www.nvidia.com/en-us/geforce/graphics-cards/50-series/rtx-5060-family/,0.90,www.nvidia.com,2.5v
409,gpu,core_clock_mhz,NULL,2280,https://www.nvidia.com/en-us/geforce/graphics-cards/50-series/rtx-5060-family/,0.90,www.nvidia.com,2.5v
409,gpu,memory_clock_mhz,NULL,28000,https://www.nvidia.com/en-us/geforce/graphics-cards/50-series/rtx-5060-family/,0.90,www.nvidia.com,2.5v
409,gpu,needs_extra_power,NULL,True,https://www.nvidia.com/en-us/geforce/graphics-cards/50-series/rtx-5060-family/,0.90,www.nvidia.com,2.5v
409,gpu,tdp_watts,NULL,145,https://www.nvidia.com/en-us/geforce/graphics-cards/50-series/rtx-5060-family/,0.90,www.nvidia.com,2.5v
409,gpu,video_outputs,NULL,1xHDMI2.1+3xDP2.1,https://www.nvidia.com/en-us/geforce/graphics-cards/50-series/rtx-5060-family/,0.90,www.nvidia.com,2.5v
410,gpu,core_clock_mhz,NULL,2280,https://www.nvidia.com/en-us/geforce/graphics-cards/50-series/rtx-5060-family/,0.90,www.nvidia.com,2.5v
410,gpu,memory_clock_mhz,NULL,28000,https://www.nvidia.com/en-us/geforce/graphics-cards/50-series/rtx-5060-family/,0.90,www.nvidia.com,2.5v
410,gpu,needs_extra_power,NULL,True,https://www.nvidia.com/en-us/geforce/graphics-cards/50-series/rtx-5060-family/,0.90,www.nvidia.com,2.5v
410,gpu,tdp_watts,NULL,145,https://www.nvidia.com/en-us/geforce/graphics-cards/50-series/rtx-5060-family/,0.90,www.nvidia.com,2.5v
410,gpu,video_outputs,NULL,1xHDMI2.1+3xDP2.1,https://www.nvidia.com/en-us/geforce/graphics-cards/50-series/rtx-5060-family/,0.90,www.nvidia.com,2.5v
411,gpu,core_clock_mhz,NULL,2280,https://www.nvidia.com/en-us/geforce/graphics-cards/50-series/rtx-5060-family/,0.90,www.nvidia.com,2.5v
411,gpu,memory_clock_mhz,NULL,28000,https://www.nvidia.com/en-us/geforce/graphics-cards/50-series/rtx-5060-family/,0.90,www.nvidia.com,2.5v
411,gpu,needs_extra_power,NULL,True,https://www.nvidia.com/en-us/geforce/graphics-cards/50-series/rtx-5060-family/,0.90,www.nvidia.com,2.5v
411,gpu,tdp_watts,NULL,145,https://www.nvidia.com/en-us/geforce/graphics-cards/50-series/rtx-5060-family/,0.90,www.nvidia.com,2.5v
411,gpu,video_outputs,NULL,1xHDMI2.1+3xDP2.1,https://www.nvidia.com/en-us/geforce/graphics-cards/50-series/rtx-5060-family/,0.90,www.nvidia.com,2.5v
412,gpu,core_clock_mhz,NULL,2410,https://www.nvidia.com/en-us/geforce/graphics-cards/50-series/rtx-5060-family/,0.90,www.nvidia.com,2.5v
412,gpu,memory_clock_mhz,NULL,28000,https://www.nvidia.com/en-us/geforce/graphics-cards/50-series/rtx-5060-family/,0.90,www.nvidia.com,2.5v
412,gpu,needs_extra_power,NULL,True,https://www.nvidia.com/en-us/geforce/graphics-cards/50-series/rtx-5060-family/,0.90,www.nvidia.com,2.5v
412,gpu,tdp_watts,NULL,180,https://www.nvidia.com/en-us/geforce/graphics-cards/50-series/rtx-5060-family/,0.90,www.nvidia.com,2.5v
412,gpu,video_outputs,NULL,1xHDMI2.1+3xDP2.1,https://www.nvidia.com/en-us/geforce/graphics-cards/50-series/rtx-5060-family/,0.90,www.nvidia.com,2.5v
413,gpu,core_clock_mhz,NULL,2410,https://www.nvidia.com/en-us/geforce/graphics-cards/50-series/rtx-5060-family/,0.90,www.nvidia.com,2.5v
413,gpu,memory_clock_mhz,NULL,28000,https://www.nvidia.com/en-us/geforce/graphics-cards/50-series/rtx-5060-family/,0.90,www.nvidia.com,2.5v
413,gpu,needs_extra_power,NULL,True,https://www.nvidia.com/en-us/geforce/graphics-cards/50-series/rtx-5060-family/,0.90,www.nvidia.com,2.5v
413,gpu,tdp_watts,NULL,180,https://www.nvidia.com/en-us/geforce/graphics-cards/50-series/rtx-5060-family/,0.90,www.nvidia.com,2.5v
413,gpu,video_outputs,NULL,1xHDMI2.1+3xDP2.1,https://www.nvidia.com/en-us/geforce/graphics-cards/50-series/rtx-5060-family/,0.90,www.nvidia.com,2.5v
414,gpu,core_clock_mhz,NULL,2410,https://www.nvidia.com/en-us/geforce/graphics-cards/50-series/rtx-5060-family/,0.90,www.nvidia.com,2.5v
414,gpu,memory_clock_mhz,NULL,28000,https://www.nvidia.com/en-us/geforce/graphics-cards/50-series/rtx-5060-family/,0.90,www.nvidia.com,2.5v
414,gpu,needs_extra_power,NULL,True,https://www.nvidia.com/en-us/geforce/graphics-cards/50-series/rtx-5060-family/,0.90,www.nvidia.com,2.5v
414,gpu,tdp_watts,NULL,180,https://www.nvidia.com/en-us/geforce/graphics-cards/50-series/rtx-5060-family/,0.90,www.nvidia.com,2.5v
414,gpu,video_outputs,NULL,1xHDMI2.1+3xDP2.1,https://www.nvidia.com/en-us/geforce/graphics-cards/50-series/rtx-5060-family/,0.90,www.nvidia.com,2.5v
415,gpu,core_clock_mhz,NULL,2410,https://www.nvidia.com/en-us/geforce/graphics-cards/50-series/rtx-5060-family/,0.90,www.nvidia.com,2.5v
415,gpu,memory_clock_mhz,NULL,28000,https://www.nvidia.com/en-us/geforce/graphics-cards/50-series/rtx-5060-family/,0.90,www.nvidia.com,2.5v
415,gpu,needs_extra_power,NULL,True,https://www.nvidia.com/en-us/geforce/graphics-cards/50-series/rtx-5060-family/,0.90,www.nvidia.com,2.5v
415,gpu,tdp_watts,NULL,180,https://www.nvidia.com/en-us/geforce/graphics-cards/50-series/rtx-5060-family/,0.90,www.nvidia.com,2.5v
415,gpu,video_outputs,NULL,1xHDMI2.1+3xDP2.1,https://www.nvidia.com/en-us/geforce/graphics-cards/50-series/rtx-5060-family/,0.90,www.nvidia.com,2.5v
416,gpu,core_clock_mhz,NULL,2410,https://www.nvidia.com/en-us/geforce/graphics-cards/50-series/rtx-5060-family/,0.90,www.nvidia.com,2.5v
416,gpu,memory_clock_mhz,NULL,28000,https://www.nvidia.com/en-us/geforce/graphics-cards/50-series/rtx-5060-family/,0.90,www.nvidia.com,2.5v
416,gpu,needs_extra_power,NULL,True,https://www.nvidia.com/en-us/geforce/graphics-cards/50-series/rtx-5060-family/,0.90,www.nvidia.com,2.5v
416,gpu,tdp_watts,NULL,180,https://www.nvidia.com/en-us/geforce/graphics-cards/50-series/rtx-5060-family/,0.90,www.nvidia.com,2.5v
416,gpu,video_outputs,NULL,1xHDMI2.1+3xDP2.1,https://www.nvidia.com/en-us/geforce/graphics-cards/50-series/rtx-5060-family/,0.90,www.nvidia.com,2.5v
417,gpu,core_clock_mhz,NULL,2410,https://www.nvidia.com/en-us/geforce/graphics-cards/50-series/rtx-5060-family/,0.90,www.nvidia.com,2.5v
417,gpu,memory_clock_mhz,NULL,28000,https://www.nvidia.com/en-us/geforce/graphics-cards/50-series/rtx-5060-family/,0.90,www.nvidia.com,2.5v
417,gpu,needs_extra_power,NULL,True,https://www.nvidia.com/en-us/geforce/graphics-cards/50-series/rtx-5060-family/,0.90,www.nvidia.com,2.5v
417,gpu,tdp_watts,NULL,180,https://www.nvidia.com/en-us/geforce/graphics-cards/50-series/rtx-5060-family/,0.90,www.nvidia.com,2.5v
417,gpu,video_outputs,NULL,1xHDMI2.1+3xDP2.1,https://www.nvidia.com/en-us/geforce/graphics-cards/50-series/rtx-5060-family/,0.90,www.nvidia.com,2.5v
418,gpu,core_clock_mhz,NULL,2410,https://www.nvidia.com/en-us/geforce/graphics-cards/50-series/rtx-5060-family/,0.90,www.nvidia.com,2.5v
418,gpu,memory_clock_mhz,NULL,28000,https://www.nvidia.com/en-us/geforce/graphics-cards/50-series/rtx-5060-family/,0.90,www.nvidia.com,2.5v
418,gpu,needs_extra_power,NULL,True,https://www.nvidia.com/en-us/geforce/graphics-cards/50-series/rtx-5060-family/,0.90,www.nvidia.com,2.5v
418,gpu,tdp_watts,NULL,180,https://www.nvidia.com/en-us/geforce/graphics-cards/50-series/rtx-5060-family/,0.90,www.nvidia.com,2.5v
418,gpu,video_outputs,NULL,1xHDMI2.1+3xDP2.1,https://www.nvidia.com/en-us/geforce/graphics-cards/50-series/rtx-5060-family/,0.90,www.nvidia.com,2.5v
419,gpu,core_clock_mhz,NULL,2410,https://www.nvidia.com/en-us/geforce/graphics-cards/50-series/rtx-5060-family/,0.90,www.nvidia.com,2.5v
419,gpu,memory_clock_mhz,NULL,28000,https://www.nvidia.com/en-us/geforce/graphics-cards/50-series/rtx-5060-family/,0.90,www.nvidia.com,2.5v
419,gpu,needs_extra_power,NULL,True,https://www.nvidia.com/en-us/geforce/graphics-cards/50-series/rtx-5060-family/,0.90,www.nvidia.com,2.5v
419,gpu,tdp_watts,NULL,180,https://www.nvidia.com/en-us/geforce/graphics-cards/50-series/rtx-5060-family/,0.90,www.nvidia.com,2.5v
419,gpu,video_outputs,NULL,1xHDMI2.1+3xDP2.1,https://www.nvidia.com/en-us/geforce/graphics-cards/50-series/rtx-5060-family/,0.90,www.nvidia.com,2.5v
420,gpu,core_clock_mhz,NULL,2410,https://www.nvidia.com/en-us/geforce/graphics-cards/50-series/rtx-5060-family/,0.90,www.nvidia.com,2.5v
420,gpu,memory_clock_mhz,NULL,28000,https://www.nvidia.com/en-us/geforce/graphics-cards/50-series/rtx-5060-family/,0.90,www.nvidia.com,2.5v
420,gpu,needs_extra_power,NULL,True,https://www.nvidia.com/en-us/geforce/graphics-cards/50-series/rtx-5060-family/,0.90,www.nvidia.com,2.5v
420,gpu,tdp_watts,NULL,180,https://www.nvidia.com/en-us/geforce/graphics-cards/50-series/rtx-5060-family/,0.90,www.nvidia.com,2.5v
420,gpu,video_outputs,NULL,1xHDMI2.1+3xDP2.1,https://www.nvidia.com/en-us/geforce/graphics-cards/50-series/rtx-5060-family/,0.90,www.nvidia.com,2.5v
421,gpu,core_clock_mhz,NULL,2410,https://www.nvidia.com/en-us/geforce/graphics-cards/50-series/rtx-5060-family/,0.90,www.nvidia.com,2.5v
421,gpu,memory_clock_mhz,NULL,28000,https://www.nvidia.com/en-us/geforce/graphics-cards/50-series/rtx-5060-family/,0.90,www.nvidia.com,2.5v
421,gpu,needs_extra_power,NULL,True,https://www.nvidia.com/en-us/geforce/graphics-cards/50-series/rtx-5060-family/,0.90,www.nvidia.com,2.5v
421,gpu,tdp_watts,NULL,180,https://www.nvidia.com/en-us/geforce/graphics-cards/50-series/rtx-5060-family/,0.90,www.nvidia.com,2.5v
421,gpu,video_outputs,NULL,1xHDMI2.1+3xDP2.1,https://www.nvidia.com/en-us/geforce/graphics-cards/50-series/rtx-5060-family/,0.90,www.nvidia.com,2.5v
422,gpu,core_clock_mhz,NULL,2410,https://www.nvidia.com/en-us/geforce/graphics-cards/50-series/rtx-5060-family/,0.90,www.nvidia.com,2.5v
422,gpu,memory_clock_mhz,NULL,28000,https://www.nvidia.com/en-us/geforce/graphics-cards/50-series/rtx-5060-family/,0.90,www.nvidia.com,2.5v
422,gpu,needs_extra_power,NULL,True,https://www.nvidia.com/en-us/geforce/graphics-cards/50-series/rtx-5060-family/,0.90,www.nvidia.com,2.5v
422,gpu,tdp_watts,NULL,180,https://www.nvidia.com/en-us/geforce/graphics-cards/50-series/rtx-5060-family/,0.90,www.nvidia.com,2.5v
422,gpu,video_outputs,NULL,1xHDMI2.1+3xDP2.1,https://www.nvidia.com/en-us/geforce/graphics-cards/50-series/rtx-5060-family/,0.90,www.nvidia.com,2.5v
423,gpu,core_clock_mhz,NULL,2410,https://www.nvidia.com/en-us/geforce/graphics-cards/50-series/rtx-5060-family/,0.90,www.nvidia.com,2.5v
423,gpu,memory_clock_mhz,NULL,28000,https://www.nvidia.com/en-us/geforce/graphics-cards/50-series/rtx-5060-family/,0.90,www.nvidia.com,2.5v
423,gpu,needs_extra_power,NULL,True,https://www.nvidia.com/en-us/geforce/graphics-cards/50-series/rtx-5060-family/,0.90,www.nvidia.com,2.5v
423,gpu,tdp_watts,NULL,180,https://www.nvidia.com/en-us/geforce/graphics-cards/50-series/rtx-5060-family/,0.90,www.nvidia.com,2.5v
423,gpu,video_outputs,NULL,1xHDMI2.1+3xDP2.1,https://www.nvidia.com/en-us/geforce/graphics-cards/50-series/rtx-5060-family/,0.90,www.nvidia.com,2.5v
424,gpu,core_clock_mhz,NULL,2410,https://www.nvidia.com/en-us/geforce/graphics-cards/50-series/rtx-5060-family/,0.90,www.nvidia.com,2.5v
424,gpu,memory_clock_mhz,NULL,28000,https://www.nvidia.com/en-us/geforce/graphics-cards/50-series/rtx-5060-family/,0.90,www.nvidia.com,2.5v
424,gpu,needs_extra_power,NULL,True,https://www.nvidia.com/en-us/geforce/graphics-cards/50-series/rtx-5060-family/,0.90,www.nvidia.com,2.5v
424,gpu,tdp_watts,NULL,180,https://www.nvidia.com/en-us/geforce/graphics-cards/50-series/rtx-5060-family/,0.90,www.nvidia.com,2.5v
424,gpu,video_outputs,NULL,1xHDMI2.1+3xDP2.1,https://www.nvidia.com/en-us/geforce/graphics-cards/50-series/rtx-5060-family/,0.90,www.nvidia.com,2.5v
425,gpu,core_clock_mhz,NULL,2330,https://www.nvidia.com/en-us/geforce/graphics-cards/50-series/rtx-5070-family/,0.90,www.nvidia.com,2.5v
425,gpu,memory_clock_mhz,NULL,28000,https://www.nvidia.com/en-us/geforce/graphics-cards/50-series/rtx-5070-family/,0.90,www.nvidia.com,2.5v
425,gpu,needs_extra_power,NULL,True,https://www.nvidia.com/en-us/geforce/graphics-cards/50-series/rtx-5070-family/,0.90,www.nvidia.com,2.5v
425,gpu,tdp_watts,NULL,250,https://www.nvidia.com/en-us/geforce/graphics-cards/50-series/rtx-5070-family/,0.90,www.nvidia.com,2.5v
425,gpu,video_outputs,NULL,1xHDMI2.1+3xDP2.1,https://www.nvidia.com/en-us/geforce/graphics-cards/50-series/rtx-5070-family/,0.90,www.nvidia.com,2.5v
426,gpu,core_clock_mhz,NULL,2330,https://www.nvidia.com/en-us/geforce/graphics-cards/50-series/rtx-5070-family/,0.90,www.nvidia.com,2.5v
426,gpu,memory_clock_mhz,NULL,28000,https://www.nvidia.com/en-us/geforce/graphics-cards/50-series/rtx-5070-family/,0.90,www.nvidia.com,2.5v
426,gpu,needs_extra_power,NULL,True,https://www.nvidia.com/en-us/geforce/graphics-cards/50-series/rtx-5070-family/,0.90,www.nvidia.com,2.5v
426,gpu,tdp_watts,NULL,250,https://www.nvidia.com/en-us/geforce/graphics-cards/50-series/rtx-5070-family/,0.90,www.nvidia.com,2.5v
426,gpu,video_outputs,NULL,1xHDMI2.1+3xDP2.1,https://www.nvidia.com/en-us/geforce/graphics-cards/50-series/rtx-5070-family/,0.90,www.nvidia.com,2.5v
427,gpu,core_clock_mhz,NULL,2330,https://www.nvidia.com/en-us/geforce/graphics-cards/50-series/rtx-5070-family/,0.90,www.nvidia.com,2.5v
427,gpu,memory_clock_mhz,NULL,28000,https://www.nvidia.com/en-us/geforce/graphics-cards/50-series/rtx-5070-family/,0.90,www.nvidia.com,2.5v
427,gpu,needs_extra_power,NULL,True,https://www.nvidia.com/en-us/geforce/graphics-cards/50-series/rtx-5070-family/,0.90,www.nvidia.com,2.5v
427,gpu,tdp_watts,NULL,250,https://www.nvidia.com/en-us/geforce/graphics-cards/50-series/rtx-5070-family/,0.90,www.nvidia.com,2.5v
427,gpu,video_outputs,NULL,1xHDMI2.1+3xDP2.1,https://www.nvidia.com/en-us/geforce/graphics-cards/50-series/rtx-5070-family/,0.90,www.nvidia.com,2.5v
428,gpu,core_clock_mhz,NULL,2330,https://www.nvidia.com/en-us/geforce/graphics-cards/50-series/rtx-5070-family/,0.90,www.nvidia.com,2.5v
428,gpu,memory_clock_mhz,NULL,28000,https://www.nvidia.com/en-us/geforce/graphics-cards/50-series/rtx-5070-family/,0.90,www.nvidia.com,2.5v
428,gpu,needs_extra_power,NULL,True,https://www.nvidia.com/en-us/geforce/graphics-cards/50-series/rtx-5070-family/,0.90,www.nvidia.com,2.5v
428,gpu,tdp_watts,NULL,250,https://www.nvidia.com/en-us/geforce/graphics-cards/50-series/rtx-5070-family/,0.90,www.nvidia.com,2.5v
428,gpu,video_outputs,NULL,1xHDMI2.1+3xDP2.1,https://www.nvidia.com/en-us/geforce/graphics-cards/50-series/rtx-5070-family/,0.90,www.nvidia.com,2.5v
429,gpu,core_clock_mhz,NULL,2300,https://www.nvidia.com/en-us/geforce/graphics-cards/50-series/rtx-5070-family/,0.90,www.nvidia.com,2.5v
429,gpu,memory_clock_mhz,NULL,28000,https://www.nvidia.com/en-us/geforce/graphics-cards/50-series/rtx-5070-family/,0.90,www.nvidia.com,2.5v
429,gpu,needs_extra_power,NULL,True,https://www.nvidia.com/en-us/geforce/graphics-cards/50-series/rtx-5070-family/,0.90,www.nvidia.com,2.5v
429,gpu,tdp_watts,NULL,300,https://www.nvidia.com/en-us/geforce/graphics-cards/50-series/rtx-5070-family/,0.90,www.nvidia.com,2.5v
429,gpu,video_outputs,NULL,1xHDMI2.1+3xDP2.1,https://www.nvidia.com/en-us/geforce/graphics-cards/50-series/rtx-5070-family/,0.90,www.nvidia.com,2.5v
430,gpu,core_clock_mhz,NULL,2300,https://www.nvidia.com/en-us/geforce/graphics-cards/50-series/rtx-5070-family/,0.90,www.nvidia.com,2.5v
430,gpu,memory_clock_mhz,NULL,28000,https://www.nvidia.com/en-us/geforce/graphics-cards/50-series/rtx-5070-family/,0.90,www.nvidia.com,2.5v
430,gpu,needs_extra_power,NULL,True,https://www.nvidia.com/en-us/geforce/graphics-cards/50-series/rtx-5070-family/,0.90,www.nvidia.com,2.5v
430,gpu,tdp_watts,NULL,300,https://www.nvidia.com/en-us/geforce/graphics-cards/50-series/rtx-5070-family/,0.90,www.nvidia.com,2.5v
430,gpu,video_outputs,NULL,1xHDMI2.1+3xDP2.1,https://www.nvidia.com/en-us/geforce/graphics-cards/50-series/rtx-5070-family/,0.90,www.nvidia.com,2.5v
431,gpu,core_clock_mhz,NULL,2300,https://www.nvidia.com/en-us/geforce/graphics-cards/50-series/rtx-5070-family/,0.90,www.nvidia.com,2.5v
431,gpu,memory_clock_mhz,NULL,28000,https://www.nvidia.com/en-us/geforce/graphics-cards/50-series/rtx-5070-family/,0.90,www.nvidia.com,2.5v
431,gpu,needs_extra_power,NULL,True,https://www.nvidia.com/en-us/geforce/graphics-cards/50-series/rtx-5070-family/,0.90,www.nvidia.com,2.5v
431,gpu,tdp_watts,NULL,300,https://www.nvidia.com/en-us/geforce/graphics-cards/50-series/rtx-5070-family/,0.90,www.nvidia.com,2.5v
431,gpu,video_outputs,NULL,1xHDMI2.1+3xDP2.1,https://www.nvidia.com/en-us/geforce/graphics-cards/50-series/rtx-5070-family/,0.90,www.nvidia.com,2.5v
432,gpu,core_clock_mhz,NULL,2300,https://www.nvidia.com/en-us/geforce/graphics-cards/50-series/rtx-5080/,0.90,www.nvidia.com,2.5v
432,gpu,memory_clock_mhz,NULL,30000,https://www.nvidia.com/en-us/geforce/graphics-cards/50-series/rtx-5080/,0.90,www.nvidia.com,2.5v
432,gpu,needs_extra_power,NULL,True,https://www.nvidia.com/en-us/geforce/graphics-cards/50-series/rtx-5080/,0.90,www.nvidia.com,2.5v
432,gpu,tdp_watts,NULL,360,https://www.nvidia.com/en-us/geforce/graphics-cards/50-series/rtx-5080/,0.90,www.nvidia.com,2.5v
432,gpu,video_outputs,NULL,1xHDMI2.1+3xDP2.1,https://www.nvidia.com/en-us/geforce/graphics-cards/50-series/rtx-5080/,0.90,www.nvidia.com,2.5v
433,gpu,core_clock_mhz,NULL,2300,https://www.nvidia.com/en-us/geforce/graphics-cards/50-series/rtx-5080/,0.90,www.nvidia.com,2.5v
433,gpu,memory_clock_mhz,NULL,30000,https://www.nvidia.com/en-us/geforce/graphics-cards/50-series/rtx-5080/,0.90,www.nvidia.com,2.5v
433,gpu,needs_extra_power,NULL,True,https://www.nvidia.com/en-us/geforce/graphics-cards/50-series/rtx-5080/,0.90,www.nvidia.com,2.5v
433,gpu,tdp_watts,NULL,360,https://www.nvidia.com/en-us/geforce/graphics-cards/50-series/rtx-5080/,0.90,www.nvidia.com,2.5v
433,gpu,video_outputs,NULL,1xHDMI2.1+3xDP2.1,https://www.nvidia.com/en-us/geforce/graphics-cards/50-series/rtx-5080/,0.90,www.nvidia.com,2.5v
434,gpu,core_clock_mhz,NULL,2310,https://www.nvidia.com/en-us/geforce/graphics-cards/50-series/rtx-5050/,0.90,www.nvidia.com,2.5v
434,gpu,memory_clock_mhz,NULL,20000,https://www.nvidia.com/en-us/geforce/graphics-cards/50-series/rtx-5050/,0.90,www.nvidia.com,2.5v
434,gpu,needs_extra_power,NULL,True,https://www.nvidia.com/en-us/geforce/graphics-cards/50-series/rtx-5050/,0.90,www.nvidia.com,2.5v
434,gpu,tdp_watts,NULL,130,https://www.nvidia.com/en-us/geforce/graphics-cards/50-series/rtx-5050/,0.90,www.nvidia.com,2.5v
434,gpu,video_outputs,NULL,1xHDMI2.1+3xDP2.1,https://www.nvidia.com/en-us/geforce/graphics-cards/50-series/rtx-5050/,0.90,www.nvidia.com,2.5v
435,gpu,core_clock_mhz,NULL,2310,https://www.nvidia.com/en-us/geforce/graphics-cards/50-series/rtx-5050/,0.90,www.nvidia.com,2.5v
435,gpu,memory_clock_mhz,NULL,20000,https://www.nvidia.com/en-us/geforce/graphics-cards/50-series/rtx-5050/,0.90,www.nvidia.com,2.5v
435,gpu,needs_extra_power,NULL,True,https://www.nvidia.com/en-us/geforce/graphics-cards/50-series/rtx-5050/,0.90,www.nvidia.com,2.5v
435,gpu,tdp_watts,NULL,130,https://www.nvidia.com/en-us/geforce/graphics-cards/50-series/rtx-5050/,0.90,www.nvidia.com,2.5v
435,gpu,video_outputs,NULL,1xHDMI2.1+3xDP2.1,https://www.nvidia.com/en-us/geforce/graphics-cards/50-series/rtx-5050/,0.90,www.nvidia.com,2.5v
436,gpu,core_clock_mhz,NULL,2310,https://www.nvidia.com/en-us/geforce/graphics-cards/50-series/rtx-5050/,0.90,www.nvidia.com,2.5v
436,gpu,memory_clock_mhz,NULL,20000,https://www.nvidia.com/en-us/geforce/graphics-cards/50-series/rtx-5050/,0.90,www.nvidia.com,2.5v
436,gpu,needs_extra_power,NULL,True,https://www.nvidia.com/en-us/geforce/graphics-cards/50-series/rtx-5050/,0.90,www.nvidia.com,2.5v
436,gpu,tdp_watts,NULL,130,https://www.nvidia.com/en-us/geforce/graphics-cards/50-series/rtx-5050/,0.90,www.nvidia.com,2.5v
436,gpu,video_outputs,NULL,1xHDMI2.1+3xDP2.1,https://www.nvidia.com/en-us/geforce/graphics-cards/50-series/rtx-5050/,0.90,www.nvidia.com,2.5v
437,gpu,core_clock_mhz,NULL,2410,https://www.nvidia.com/en-us/geforce/graphics-cards/50-series/rtx-5060-family/,0.90,www.nvidia.com,2.5v
437,gpu,memory_clock_mhz,NULL,28000,https://www.nvidia.com/en-us/geforce/graphics-cards/50-series/rtx-5060-family/,0.90,www.nvidia.com,2.5v
437,gpu,needs_extra_power,NULL,True,https://www.nvidia.com/en-us/geforce/graphics-cards/50-series/rtx-5060-family/,0.90,www.nvidia.com,2.5v
437,gpu,tdp_watts,NULL,180,https://www.nvidia.com/en-us/geforce/graphics-cards/50-series/rtx-5060-family/,0.90,www.nvidia.com,2.5v
437,gpu,video_outputs,NULL,1xHDMI2.1+3xDP2.1,https://www.nvidia.com/en-us/geforce/graphics-cards/50-series/rtx-5060-family/,0.90,www.nvidia.com,2.5v
438,gpu,core_clock_mhz,NULL,2410,https://www.nvidia.com/en-us/geforce/graphics-cards/50-series/rtx-5060-family/,0.90,www.nvidia.com,2.5v
438,gpu,memory_clock_mhz,NULL,28000,https://www.nvidia.com/en-us/geforce/graphics-cards/50-series/rtx-5060-family/,0.90,www.nvidia.com,2.5v
438,gpu,needs_extra_power,NULL,True,https://www.nvidia.com/en-us/geforce/graphics-cards/50-series/rtx-5060-family/,0.90,www.nvidia.com,2.5v
438,gpu,tdp_watts,NULL,180,https://www.nvidia.com/en-us/geforce/graphics-cards/50-series/rtx-5060-family/,0.90,www.nvidia.com,2.5v
438,gpu,video_outputs,NULL,1xHDMI2.1+3xDP2.1,https://www.nvidia.com/en-us/geforce/graphics-cards/50-series/rtx-5060-family/,0.90,www.nvidia.com,2.5v
439,gpu,core_clock_mhz,NULL,2410,https://www.nvidia.com/en-us/geforce/graphics-cards/50-series/rtx-5060-family/,0.90,www.nvidia.com,2.5v
439,gpu,memory_clock_mhz,NULL,28000,https://www.nvidia.com/en-us/geforce/graphics-cards/50-series/rtx-5060-family/,0.90,www.nvidia.com,2.5v
439,gpu,needs_extra_power,NULL,True,https://www.nvidia.com/en-us/geforce/graphics-cards/50-series/rtx-5060-family/,0.90,www.nvidia.com,2.5v
439,gpu,tdp_watts,NULL,180,https://www.nvidia.com/en-us/geforce/graphics-cards/50-series/rtx-5060-family/,0.90,www.nvidia.com,2.5v
439,gpu,video_outputs,NULL,1xHDMI2.1+3xDP2.1,https://www.nvidia.com/en-us/geforce/graphics-cards/50-series/rtx-5060-family/,0.90,www.nvidia.com,2.5v
440,gpu,core_clock_mhz,NULL,2410,https://www.nvidia.com/en-us/geforce/graphics-cards/50-series/rtx-5060-family/,0.90,www.nvidia.com,2.5v
440,gpu,memory_clock_mhz,NULL,28000,https://www.nvidia.com/en-us/geforce/graphics-cards/50-series/rtx-5060-family/,0.90,www.nvidia.com,2.5v
440,gpu,needs_extra_power,NULL,True,https://www.nvidia.com/en-us/geforce/graphics-cards/50-series/rtx-5060-family/,0.90,www.nvidia.com,2.5v
440,gpu,tdp_watts,NULL,180,https://www.nvidia.com/en-us/geforce/graphics-cards/50-series/rtx-5060-family/,0.90,www.nvidia.com,2.5v
440,gpu,video_outputs,NULL,1xHDMI2.1+3xDP2.1,https://www.nvidia.com/en-us/geforce/graphics-cards/50-series/rtx-5060-family/,0.90,www.nvidia.com,2.5v
361,gpu,core_clock_mhz,NULL,1042,https://www.nvidia.com/en-us/geforce/graphics-cards/30-series/rtx-3050/,0.90,www.nvidia.com,2.5v
361,gpu,memory_clock_mhz,NULL,14000,https://www.nvidia.com/en-us/geforce/graphics-cards/30-series/rtx-3050/,0.90,www.nvidia.com,2.5v
361,gpu,needs_extra_power,NULL,False,https://www.nvidia.com/en-us/geforce/graphics-cards/30-series/rtx-3050/,0.90,www.nvidia.com,2.5v
361,gpu,tdp_watts,NULL,70,https://www.nvidia.com/en-us/geforce/graphics-cards/30-series/rtx-3050/,0.90,www.nvidia.com,2.5v
362,gpu,core_clock_mhz,NULL,1042,https://www.nvidia.com/en-us/geforce/graphics-cards/30-series/rtx-3050/,0.90,www.nvidia.com,2.5v
362,gpu,memory_clock_mhz,NULL,14000,https://www.nvidia.com/en-us/geforce/graphics-cards/30-series/rtx-3050/,0.90,www.nvidia.com,2.5v
362,gpu,needs_extra_power,NULL,False,https://www.nvidia.com/en-us/geforce/graphics-cards/30-series/rtx-3050/,0.90,www.nvidia.com,2.5v
362,gpu,tdp_watts,NULL,70,https://www.nvidia.com/en-us/geforce/graphics-cards/30-series/rtx-3050/,0.90,www.nvidia.com,2.5v
363,gpu,needs_extra_power,NULL,False,https://www.pny.com/nvidia-rtx-2000-ada,0.90,www.pny.com,2.5v
363,gpu,tdp_watts,NULL,70,https://www.pny.com/nvidia-rtx-2000-ada,0.90,www.pny.com,2.5v
364,gpu,needs_extra_power,NULL,False,https://www.nvidia.com/en-us/design-visualization/rtx-a400/,0.90,www.nvidia.com,2.5v
364,gpu,tdp_watts,NULL,50,https://www.nvidia.com/en-us/design-visualization/rtx-a400/,0.90,www.nvidia.com,2.5v
365,gpu,needs_extra_power,NULL,False,https://www.pny.com/nvidia-rtx-pro-2000-blackwell,0.90,www.pny.com,2.5v
365,gpu,tdp_watts,NULL,70,https://www.pny.com/nvidia-rtx-pro-2000-blackwell,0.90,www.pny.com,2.5v
366,gpu,memory_clock_mhz,NULL,17500,https://www.sapphiretech.com/en/consumer/pulse-radeon-rx-6650-xt-8g-gddr6,0.90,www.sapphiretech.com,2.5v
366,gpu,needs_extra_power,NULL,True,https://www.sapphiretech.com/en/consumer/pulse-radeon-rx-6650-xt-8g-gddr6,0.90,www.sapphiretech.com,2.5v
366,gpu,tdp_watts,NULL,176,https://www.sapphiretech.com/en/consumer/pulse-radeon-rx-6650-xt-8g-gddr6,0.90,www.sapphiretech.com,2.5v
366,gpu,video_outputs,NULL,1xHDMI+3xDP1.4,https://www.sapphiretech.com/en/consumer/pulse-radeon-rx-6650-xt-8g-gddr6,0.90,www.sapphiretech.com,2.5v
367,gpu,memory_clock_mhz,NULL,18000,https://www.sapphiretech.com/en/consumer/pulse-radeon-rx-7600-8g-gddr6,0.90,www.sapphiretech.com,2.5v
367,gpu,needs_extra_power,NULL,True,https://www.sapphiretech.com/en/consumer/pulse-radeon-rx-7600-8g-gddr6,0.90,www.sapphiretech.com,2.5v
367,gpu,tdp_watts,NULL,185,https://www.sapphiretech.com/en/consumer/pulse-radeon-rx-7600-8g-gddr6,0.90,www.sapphiretech.com,2.5v
367,gpu,video_outputs,NULL,1xHDMI+3xDP1.4,https://www.sapphiretech.com/en/consumer/pulse-radeon-rx-7600-8g-gddr6,0.90,www.sapphiretech.com,2.5v
368,gpu,core_clock_mhz,NULL,2070,https://www.asrock.com/Graphics-Card/AMD/Radeon%20RX%209070%20Challenger%2016GB/index.asp,0.90,www.asrock.com,2.5v
368,gpu,memory_clock_mhz,NULL,20000,https://www.asrock.com/Graphics-Card/AMD/Radeon%20RX%209070%20Challenger%2016GB/index.asp,0.90,www.asrock.com,2.5v
368,gpu,needs_extra_power,NULL,True,https://www.asrock.com/Graphics-Card/AMD/Radeon%20RX%209070%20Challenger%2016GB/index.asp,0.90,www.asrock.com,2.5v
368,gpu,tdp_watts,NULL,220,https://www.asrock.com/Graphics-Card/AMD/Radeon%20RX%209070%20Challenger%2016GB/index.asp,0.90,www.asrock.com,2.5v
368,gpu,video_outputs,NULL,1xHDMI2.1+3xDP2.1,https://www.asrock.com/Graphics-Card/AMD/Radeon%20RX%209070%20Challenger%2016GB/index.asp,0.90,www.asrock.com,2.5v
369,gpu,core_clock_mhz,NULL,2310,https://www.nvidia.com/en-us/geforce/graphics-cards/50-series/rtx-5050/,0.90,www.nvidia.com,2.5v
369,gpu,memory_clock_mhz,NULL,20000,https://www.nvidia.com/en-us/geforce/graphics-cards/50-series/rtx-5050/,0.90,www.nvidia.com,2.5v
369,gpu,needs_extra_power,NULL,True,https://www.nvidia.com/en-us/geforce/graphics-cards/50-series/rtx-5050/,0.90,www.nvidia.com,2.5v
369,gpu,tdp_watts,NULL,130,https://www.nvidia.com/en-us/geforce/graphics-cards/50-series/rtx-5050/,0.90,www.nvidia.com,2.5v
369,gpu,video_outputs,NULL,1xHDMI2.1+3xDP2.1,https://www.nvidia.com/en-us/geforce/graphics-cards/50-series/rtx-5050/,0.90,www.nvidia.com,2.5v
370,gpu,core_clock_mhz,NULL,2280,https://www.nvidia.com/en-us/geforce/graphics-cards/50-series/rtx-5060-family/,0.90,www.nvidia.com,2.5v
370,gpu,memory_clock_mhz,NULL,28000,https://www.nvidia.com/en-us/geforce/graphics-cards/50-series/rtx-5060-family/,0.90,www.nvidia.com,2.5v
370,gpu,needs_extra_power,NULL,True,https://www.nvidia.com/en-us/geforce/graphics-cards/50-series/rtx-5060-family/,0.90,www.nvidia.com,2.5v
370,gpu,tdp_watts,NULL,145,https://www.nvidia.com/en-us/geforce/graphics-cards/50-series/rtx-5060-family/,0.90,www.nvidia.com,2.5v
370,gpu,video_outputs,NULL,1xHDMI2.1+3xDP2.1,https://www.nvidia.com/en-us/geforce/graphics-cards/50-series/rtx-5060-family/,0.90,www.nvidia.com,2.5v
371,gpu,core_clock_mhz,NULL,2280,https://www.nvidia.com/en-us/geforce/graphics-cards/50-series/rtx-5060-family/,0.90,www.nvidia.com,2.5v
371,gpu,memory_clock_mhz,NULL,28000,https://www.nvidia.com/en-us/geforce/graphics-cards/50-series/rtx-5060-family/,0.90,www.nvidia.com,2.5v
371,gpu,needs_extra_power,NULL,True,https://www.nvidia.com/en-us/geforce/graphics-cards/50-series/rtx-5060-family/,0.90,www.nvidia.com,2.5v
371,gpu,tdp_watts,NULL,145,https://www.nvidia.com/en-us/geforce/graphics-cards/50-series/rtx-5060-family/,0.90,www.nvidia.com,2.5v
371,gpu,video_outputs,NULL,1xHDMI2.1+3xDP2.1,https://www.nvidia.com/en-us/geforce/graphics-cards/50-series/rtx-5060-family/,0.90,www.nvidia.com,2.5v
372,gpu,core_clock_mhz,NULL,2410,https://www.nvidia.com/en-us/geforce/graphics-cards/50-series/rtx-5060-family/,0.90,www.nvidia.com,2.5v
372,gpu,memory_clock_mhz,NULL,28000,https://www.nvidia.com/en-us/geforce/graphics-cards/50-series/rtx-5060-family/,0.90,www.nvidia.com,2.5v
372,gpu,needs_extra_power,NULL,True,https://www.nvidia.com/en-us/geforce/graphics-cards/50-series/rtx-5060-family/,0.90,www.nvidia.com,2.5v
372,gpu,tdp_watts,NULL,180,https://www.nvidia.com/en-us/geforce/graphics-cards/50-series/rtx-5060-family/,0.90,www.nvidia.com,2.5v
372,gpu,video_outputs,NULL,1xHDMI2.1+3xDP2.1,https://www.nvidia.com/en-us/geforce/graphics-cards/50-series/rtx-5060-family/,0.90,www.nvidia.com,2.5v
373,gpu,core_clock_mhz,NULL,2410,https://www.nvidia.com/en-us/geforce/graphics-cards/50-series/rtx-5060-family/,0.90,www.nvidia.com,2.5v
373,gpu,memory_clock_mhz,NULL,28000,https://www.nvidia.com/en-us/geforce/graphics-cards/50-series/rtx-5060-family/,0.90,www.nvidia.com,2.5v
373,gpu,needs_extra_power,NULL,True,https://www.nvidia.com/en-us/geforce/graphics-cards/50-series/rtx-5060-family/,0.90,www.nvidia.com,2.5v
373,gpu,tdp_watts,NULL,180,https://www.nvidia.com/en-us/geforce/graphics-cards/50-series/rtx-5060-family/,0.90,www.nvidia.com,2.5v
373,gpu,video_outputs,NULL,1xHDMI2.1+3xDP2.1,https://www.nvidia.com/en-us/geforce/graphics-cards/50-series/rtx-5060-family/,0.90,www.nvidia.com,2.5v
374,gpu,core_clock_mhz,NULL,2410,https://www.nvidia.com/en-us/geforce/graphics-cards/50-series/rtx-5060-family/,0.90,www.nvidia.com,2.5v
374,gpu,memory_clock_mhz,NULL,28000,https://www.nvidia.com/en-us/geforce/graphics-cards/50-series/rtx-5060-family/,0.90,www.nvidia.com,2.5v
374,gpu,needs_extra_power,NULL,True,https://www.nvidia.com/en-us/geforce/graphics-cards/50-series/rtx-5060-family/,0.90,www.nvidia.com,2.5v
374,gpu,tdp_watts,NULL,180,https://www.nvidia.com/en-us/geforce/graphics-cards/50-series/rtx-5060-family/,0.90,www.nvidia.com,2.5v
374,gpu,video_outputs,NULL,1xHDMI2.1+3xDP2.1,https://www.nvidia.com/en-us/geforce/graphics-cards/50-series/rtx-5060-family/,0.90,www.nvidia.com,2.5v
375,gpu,core_clock_mhz,NULL,2330,https://www.nvidia.com/en-us/geforce/graphics-cards/50-series/rtx-5070-family/,0.90,www.nvidia.com,2.5v
375,gpu,memory_clock_mhz,NULL,28000,https://www.nvidia.com/en-us/geforce/graphics-cards/50-series/rtx-5070-family/,0.90,www.nvidia.com,2.5v
375,gpu,needs_extra_power,NULL,True,https://www.nvidia.com/en-us/geforce/graphics-cards/50-series/rtx-5070-family/,0.90,www.nvidia.com,2.5v
375,gpu,tdp_watts,NULL,250,https://www.nvidia.com/en-us/geforce/graphics-cards/50-series/rtx-5070-family/,0.90,www.nvidia.com,2.5v
375,gpu,video_outputs,NULL,1xHDMI2.1+3xDP2.1,https://www.nvidia.com/en-us/geforce/graphics-cards/50-series/rtx-5070-family/,0.90,www.nvidia.com,2.5v
376,gpu,core_clock_mhz,NULL,2620,https://www.asrock.com/Graphics-Card/AMD/Radeon%20RX%209060%20XT%20Challenger%2016GB%20OC/index.asp,0.90,www.asrock.com,2.5v
376,gpu,memory_clock_mhz,NULL,20000,https://www.asrock.com/Graphics-Card/AMD/Radeon%20RX%209060%20XT%20Challenger%2016GB%20OC/index.asp,0.90,www.asrock.com,2.5v
376,gpu,needs_extra_power,NULL,True,https://www.asrock.com/Graphics-Card/AMD/Radeon%20RX%209060%20XT%20Challenger%2016GB%20OC/index.asp,0.90,www.asrock.com,2.5v
376,gpu,tdp_watts,NULL,160,https://www.asrock.com/Graphics-Card/AMD/Radeon%20RX%209060%20XT%20Challenger%2016GB%20OC/index.asp,0.90,www.asrock.com,2.5v
376,gpu,video_outputs,NULL,1xHDMI2.1+2xDP2.1,https://www.asrock.com/Graphics-Card/AMD/Radeon%20RX%209060%20XT%20Challenger%2016GB%20OC/index.asp,0.90,www.asrock.com,2.5v
377,gpu,core_clock_mhz,NULL,2620,https://www.asrock.com/Graphics-Card/AMD/Radeon%20RX%209060%20XT%20Challenger%2016GB%20OC/index.asp,0.90,www.asrock.com,2.5v
377,gpu,memory_clock_mhz,NULL,20000,https://www.asrock.com/Graphics-Card/AMD/Radeon%20RX%209060%20XT%20Challenger%2016GB%20OC/index.asp,0.90,www.asrock.com,2.5v
377,gpu,needs_extra_power,NULL,True,https://www.asrock.com/Graphics-Card/AMD/Radeon%20RX%209060%20XT%20Challenger%2016GB%20OC/index.asp,0.90,www.asrock.com,2.5v
377,gpu,tdp_watts,NULL,160,https://www.asrock.com/Graphics-Card/AMD/Radeon%20RX%209060%20XT%20Challenger%2016GB%20OC/index.asp,0.90,www.asrock.com,2.5v
377,gpu,video_outputs,NULL,1xHDMI2.1+2xDP2.1,https://www.asrock.com/Graphics-Card/AMD/Radeon%20RX%209060%20XT%20Challenger%2016GB%20OC/index.asp,0.90,www.asrock.com,2.5v
378,gpu,core_clock_mhz,NULL,2310,https://www.nvidia.com/en-us/geforce/graphics-cards/50-series/rtx-5050/,0.90,www.nvidia.com,2.5v
378,gpu,memory_clock_mhz,NULL,20000,https://www.nvidia.com/en-us/geforce/graphics-cards/50-series/rtx-5050/,0.90,www.nvidia.com,2.5v
378,gpu,needs_extra_power,NULL,True,https://www.nvidia.com/en-us/geforce/graphics-cards/50-series/rtx-5050/,0.90,www.nvidia.com,2.5v
378,gpu,tdp_watts,NULL,130,https://www.nvidia.com/en-us/geforce/graphics-cards/50-series/rtx-5050/,0.90,www.nvidia.com,2.5v
378,gpu,video_outputs,NULL,1xHDMI2.1+3xDP2.1,https://www.nvidia.com/en-us/geforce/graphics-cards/50-series/rtx-5050/,0.90,www.nvidia.com,2.5v
379,gpu,core_clock_mhz,NULL,2280,https://www.nvidia.com/en-us/geforce/graphics-cards/50-series/rtx-5060-family/,0.90,www.nvidia.com,2.5v
379,gpu,memory_clock_mhz,NULL,28000,https://www.nvidia.com/en-us/geforce/graphics-cards/50-series/rtx-5060-family/,0.90,www.nvidia.com,2.5v
379,gpu,needs_extra_power,NULL,True,https://www.nvidia.com/en-us/geforce/graphics-cards/50-series/rtx-5060-family/,0.90,www.nvidia.com,2.5v
379,gpu,tdp_watts,NULL,145,https://www.nvidia.com/en-us/geforce/graphics-cards/50-series/rtx-5060-family/,0.90,www.nvidia.com,2.5v
379,gpu,video_outputs,NULL,1xHDMI2.1+3xDP2.1,https://www.nvidia.com/en-us/geforce/graphics-cards/50-series/rtx-5060-family/,0.90,www.nvidia.com,2.5v
380,gpu,core_clock_mhz,NULL,2410,https://www.nvidia.com/en-us/geforce/graphics-cards/50-series/rtx-5060-family/,0.90,www.nvidia.com,2.5v
380,gpu,memory_clock_mhz,NULL,28000,https://www.nvidia.com/en-us/geforce/graphics-cards/50-series/rtx-5060-family/,0.90,www.nvidia.com,2.5v
380,gpu,needs_extra_power,NULL,True,https://www.nvidia.com/en-us/geforce/graphics-cards/50-series/rtx-5060-family/,0.90,www.nvidia.com,2.5v
380,gpu,tdp_watts,NULL,180,https://www.nvidia.com/en-us/geforce/graphics-cards/50-series/rtx-5060-family/,0.90,www.nvidia.com,2.5v
380,gpu,video_outputs,NULL,1xHDMI2.1+3xDP2.1,https://www.nvidia.com/en-us/geforce/graphics-cards/50-series/rtx-5060-family/,0.90,www.nvidia.com,2.5v
381,gpu,core_clock_mhz,NULL,2330,https://www.nvidia.com/en-us/geforce/graphics-cards/50-series/rtx-5070-family/,0.90,www.nvidia.com,2.5v
381,gpu,memory_clock_mhz,NULL,28000,https://www.nvidia.com/en-us/geforce/graphics-cards/50-series/rtx-5070-family/,0.90,www.nvidia.com,2.5v
381,gpu,needs_extra_power,NULL,True,https://www.nvidia.com/en-us/geforce/graphics-cards/50-series/rtx-5070-family/,0.90,www.nvidia.com,2.5v
381,gpu,tdp_watts,NULL,250,https://www.nvidia.com/en-us/geforce/graphics-cards/50-series/rtx-5070-family/,0.90,www.nvidia.com,2.5v
381,gpu,video_outputs,NULL,1xHDMI2.1+3xDP2.1,https://www.nvidia.com/en-us/geforce/graphics-cards/50-series/rtx-5070-family/,0.90,www.nvidia.com,2.5v
382,gpu,core_clock_mhz,NULL,2330,https://www.nvidia.com/en-us/geforce/graphics-cards/50-series/rtx-5070-family/,0.90,www.nvidia.com,2.5v
382,gpu,memory_clock_mhz,NULL,28000,https://www.nvidia.com/en-us/geforce/graphics-cards/50-series/rtx-5070-family/,0.90,www.nvidia.com,2.5v
382,gpu,needs_extra_power,NULL,True,https://www.nvidia.com/en-us/geforce/graphics-cards/50-series/rtx-5070-family/,0.90,www.nvidia.com,2.5v
382,gpu,tdp_watts,NULL,250,https://www.nvidia.com/en-us/geforce/graphics-cards/50-series/rtx-5070-family/,0.90,www.nvidia.com,2.5v
382,gpu,video_outputs,NULL,1xHDMI2.1+3xDP2.1,https://www.nvidia.com/en-us/geforce/graphics-cards/50-series/rtx-5070-family/,0.90,www.nvidia.com,2.5v
383,gpu,core_clock_mhz,NULL,2300,https://www.nvidia.com/en-us/geforce/graphics-cards/50-series/rtx-5070-family/,0.90,www.nvidia.com,2.5v
383,gpu,memory_clock_mhz,NULL,28000,https://www.nvidia.com/en-us/geforce/graphics-cards/50-series/rtx-5070-family/,0.90,www.nvidia.com,2.5v
383,gpu,needs_extra_power,NULL,True,https://www.nvidia.com/en-us/geforce/graphics-cards/50-series/rtx-5070-family/,0.90,www.nvidia.com,2.5v
383,gpu,tdp_watts,NULL,300,https://www.nvidia.com/en-us/geforce/graphics-cards/50-series/rtx-5070-family/,0.90,www.nvidia.com,2.5v
383,gpu,video_outputs,NULL,1xHDMI2.1+3xDP2.1,https://www.nvidia.com/en-us/geforce/graphics-cards/50-series/rtx-5070-family/,0.90,www.nvidia.com,2.5v
384,gpu,core_clock_mhz,NULL,2300,https://www.nvidia.com/en-us/geforce/graphics-cards/50-series/rtx-5080/,0.90,www.nvidia.com,2.5v
384,gpu,memory_clock_mhz,NULL,30000,https://www.nvidia.com/en-us/geforce/graphics-cards/50-series/rtx-5080/,0.90,www.nvidia.com,2.5v
384,gpu,needs_extra_power,NULL,True,https://www.nvidia.com/en-us/geforce/graphics-cards/50-series/rtx-5080/,0.90,www.nvidia.com,2.5v
384,gpu,tdp_watts,NULL,360,https://www.nvidia.com/en-us/geforce/graphics-cards/50-series/rtx-5080/,0.90,www.nvidia.com,2.5v
384,gpu,video_outputs,NULL,1xHDMI2.1+3xDP2.1,https://www.nvidia.com/en-us/geforce/graphics-cards/50-series/rtx-5080/,0.90,www.nvidia.com,2.5v
385,gpu,core_clock_mhz,NULL,2740,https://www.asrock.com/Graphics-Card/AMD/Radeon%20RX%209060%20XT%20Challenger%2016GB%20OC/index.asp,0.90,www.asrock.com,2.5v
385,gpu,memory_clock_mhz,NULL,20000,https://www.asrock.com/Graphics-Card/AMD/Radeon%20RX%209060%20XT%20Challenger%2016GB%20OC/index.asp,0.90,www.asrock.com,2.5v
385,gpu,needs_extra_power,NULL,True,https://www.asrock.com/Graphics-Card/AMD/Radeon%20RX%209060%20XT%20Challenger%2016GB%20OC/index.asp,0.90,www.asrock.com,2.5v
385,gpu,tdp_watts,NULL,160,https://www.asrock.com/Graphics-Card/AMD/Radeon%20RX%209060%20XT%20Challenger%2016GB%20OC/index.asp,0.90,www.asrock.com,2.5v
385,gpu,video_outputs,NULL,1xHDMI2.1+2xDP2.1,https://www.asrock.com/Graphics-Card/AMD/Radeon%20RX%209060%20XT%20Challenger%2016GB%20OC/index.asp,0.90,www.asrock.com,2.5v
386,gpu,core_clock_mhz,NULL,2120,https://www.asrock.com/Graphics-Card/AMD/Radeon%20RX%209070%20Challenger%2016GB/index.asp,0.90,www.asrock.com,2.5v
386,gpu,memory_clock_mhz,NULL,20000,https://www.asrock.com/Graphics-Card/AMD/Radeon%20RX%209070%20Challenger%2016GB/index.asp,0.90,www.asrock.com,2.5v
386,gpu,needs_extra_power,NULL,True,https://www.asrock.com/Graphics-Card/AMD/Radeon%20RX%209070%20Challenger%2016GB/index.asp,0.90,www.asrock.com,2.5v
386,gpu,tdp_watts,NULL,220,https://www.asrock.com/Graphics-Card/AMD/Radeon%20RX%209070%20Challenger%2016GB/index.asp,0.90,www.asrock.com,2.5v
386,gpu,video_outputs,NULL,1xHDMI2.1+3xDP2.1,https://www.asrock.com/Graphics-Card/AMD/Radeon%20RX%209070%20Challenger%2016GB/index.asp,0.90,www.asrock.com,2.5v
387,gpu,core_clock_mhz,NULL,2120,https://www.asrock.com/Graphics-Card/AMD/Radeon%20RX%209070%20Challenger%2016GB/index.asp,0.90,www.asrock.com,2.5v
387,gpu,memory_clock_mhz,NULL,20000,https://www.asrock.com/Graphics-Card/AMD/Radeon%20RX%209070%20Challenger%2016GB/index.asp,0.90,www.asrock.com,2.5v
387,gpu,needs_extra_power,NULL,True,https://www.asrock.com/Graphics-Card/AMD/Radeon%20RX%209070%20Challenger%2016GB/index.asp,0.90,www.asrock.com,2.5v
387,gpu,tdp_watts,NULL,220,https://www.asrock.com/Graphics-Card/AMD/Radeon%20RX%209070%20Challenger%2016GB/index.asp,0.90,www.asrock.com,2.5v
387,gpu,video_outputs,NULL,1xHDMI2.1+3xDP2.1,https://www.asrock.com/Graphics-Card/AMD/Radeon%20RX%209070%20Challenger%2016GB/index.asp,0.90,www.asrock.com,2.5v
388,gpu,core_clock_mhz,NULL,2460,https://www.asrock.com/Graphics-Card/AMD/Radeon%20RX%209070%20XT%20Taichi%2016GB%20OC/index.asp,0.90,www.asrock.com,2.5v
388,gpu,memory_clock_mhz,NULL,20000,https://www.asrock.com/Graphics-Card/AMD/Radeon%20RX%209070%20XT%20Taichi%2016GB%20OC/index.asp,0.90,www.asrock.com,2.5v
388,gpu,needs_extra_power,NULL,True,https://www.asrock.com/Graphics-Card/AMD/Radeon%20RX%209070%20XT%20Taichi%2016GB%20OC/index.asp,0.90,www.asrock.com,2.5v
388,gpu,tdp_watts,NULL,304,https://www.asrock.com/Graphics-Card/AMD/Radeon%20RX%209070%20XT%20Taichi%2016GB%20OC/index.asp,0.90,www.asrock.com,2.5v
388,gpu,video_outputs,NULL,1xHDMI2.1+3xDP2.1,https://www.asrock.com/Graphics-Card/AMD/Radeon%20RX%209070%20XT%20Taichi%2016GB%20OC/index.asp,0.90,www.asrock.com,2.5v
389,gpu,core_clock_mhz,NULL,2460,https://www.asrock.com/Graphics-Card/AMD/Radeon%20RX%209070%20XT%20Taichi%2016GB%20OC/index.asp,0.90,www.asrock.com,2.5v
389,gpu,memory_clock_mhz,NULL,20000,https://www.asrock.com/Graphics-Card/AMD/Radeon%20RX%209070%20XT%20Taichi%2016GB%20OC/index.asp,0.90,www.asrock.com,2.5v
389,gpu,needs_extra_power,NULL,True,https://www.asrock.com/Graphics-Card/AMD/Radeon%20RX%209070%20XT%20Taichi%2016GB%20OC/index.asp,0.90,www.asrock.com,2.5v
389,gpu,tdp_watts,NULL,304,https://www.asrock.com/Graphics-Card/AMD/Radeon%20RX%209070%20XT%20Taichi%2016GB%20OC/index.asp,0.90,www.asrock.com,2.5v
389,gpu,video_outputs,NULL,1xHDMI2.1+3xDP2.1,https://www.asrock.com/Graphics-Card/AMD/Radeon%20RX%209070%20XT%20Taichi%2016GB%20OC/index.asp,0.90,www.asrock.com,2.5v
390,gpu,core_clock_mhz,NULL,2300,https://www.nvidia.com/en-us/geforce/graphics-cards/50-series/rtx-5070-family/,0.90,www.nvidia.com,2.5v
390,gpu,memory_clock_mhz,NULL,28000,https://www.nvidia.com/en-us/geforce/graphics-cards/50-series/rtx-5070-family/,0.90,www.nvidia.com,2.5v
390,gpu,needs_extra_power,NULL,True,https://www.nvidia.com/en-us/geforce/graphics-cards/50-series/rtx-5070-family/,0.90,www.nvidia.com,2.5v
390,gpu,tdp_watts,NULL,300,https://www.nvidia.com/en-us/geforce/graphics-cards/50-series/rtx-5070-family/,0.90,www.nvidia.com,2.5v
390,gpu,video_outputs,NULL,1xHDMI2.1+3xDP2.1,https://www.nvidia.com/en-us/geforce/graphics-cards/50-series/rtx-5070-family/,0.90,www.nvidia.com,2.5v
391,gpu,core_clock_mhz,NULL,2300,https://www.nvidia.com/en-us/geforce/graphics-cards/50-series/rtx-5080/,0.90,www.nvidia.com,2.5v
391,gpu,memory_clock_mhz,NULL,30000,https://www.nvidia.com/en-us/geforce/graphics-cards/50-series/rtx-5080/,0.90,www.nvidia.com,2.5v
391,gpu,needs_extra_power,NULL,True,https://www.nvidia.com/en-us/geforce/graphics-cards/50-series/rtx-5080/,0.90,www.nvidia.com,2.5v
391,gpu,tdp_watts,NULL,360,https://www.nvidia.com/en-us/geforce/graphics-cards/50-series/rtx-5080/,0.90,www.nvidia.com,2.5v
392,gpu,core_clock_mhz,NULL,2330,https://www.nvidia.com/en-us/geforce/graphics-cards/50-series/rtx-5070-family/,0.90,www.nvidia.com,2.5v
392,gpu,memory_clock_mhz,NULL,28000,https://www.nvidia.com/en-us/geforce/graphics-cards/50-series/rtx-5070-family/,0.90,www.nvidia.com,2.5v
392,gpu,needs_extra_power,NULL,True,https://www.nvidia.com/en-us/geforce/graphics-cards/50-series/rtx-5070-family/,0.90,www.nvidia.com,2.5v
392,gpu,tdp_watts,NULL,250,https://www.nvidia.com/en-us/geforce/graphics-cards/50-series/rtx-5070-family/,0.90,www.nvidia.com,2.5v
393,gpu,core_clock_mhz,NULL,2300,https://www.nvidia.com/en-us/geforce/graphics-cards/50-series/rtx-5070-family/,0.90,www.nvidia.com,2.5v
393,gpu,memory_clock_mhz,NULL,28000,https://www.nvidia.com/en-us/geforce/graphics-cards/50-series/rtx-5070-family/,0.90,www.nvidia.com,2.5v
393,gpu,needs_extra_power,NULL,True,https://www.nvidia.com/en-us/geforce/graphics-cards/50-series/rtx-5070-family/,0.90,www.nvidia.com,2.5v
393,gpu,tdp_watts,NULL,300,https://www.nvidia.com/en-us/geforce/graphics-cards/50-series/rtx-5070-family/,0.90,www.nvidia.com,2.5v
394,gpu,core_clock_mhz,NULL,2300,https://www.nvidia.com/en-us/geforce/graphics-cards/50-series/rtx-5070-family/,0.90,www.nvidia.com,2.5v
394,gpu,memory_clock_mhz,NULL,28000,https://www.nvidia.com/en-us/geforce/graphics-cards/50-series/rtx-5070-family/,0.90,www.nvidia.com,2.5v
394,gpu,needs_extra_power,NULL,True,https://www.nvidia.com/en-us/geforce/graphics-cards/50-series/rtx-5070-family/,0.90,www.nvidia.com,2.5v
394,gpu,tdp_watts,NULL,300,https://www.nvidia.com/en-us/geforce/graphics-cards/50-series/rtx-5070-family/,0.90,www.nvidia.com,2.5v
395,gpu,core_clock_mhz,NULL,2280,https://www.nvidia.com/en-us/geforce/graphics-cards/50-series/rtx-5060-family/,0.90,www.nvidia.com,2.5v
395,gpu,memory_clock_mhz,NULL,28000,https://www.nvidia.com/en-us/geforce/graphics-cards/50-series/rtx-5060-family/,0.90,www.nvidia.com,2.5v
395,gpu,needs_extra_power,NULL,True,https://www.nvidia.com/en-us/geforce/graphics-cards/50-series/rtx-5060-family/,0.90,www.nvidia.com,2.5v
395,gpu,tdp_watts,NULL,145,https://www.nvidia.com/en-us/geforce/graphics-cards/50-series/rtx-5060-family/,0.90,www.nvidia.com,2.5v
395,gpu,video_outputs,NULL,1xHDMI2.1+3xDP2.1,https://www.nvidia.com/en-us/geforce/graphics-cards/50-series/rtx-5060-family/,0.90,www.nvidia.com,2.5v
396,gpu,core_clock_mhz,NULL,2330,https://www.nvidia.com/en-us/geforce/graphics-cards/50-series/rtx-5070-family/,0.90,www.nvidia.com,2.5v
396,gpu,memory_clock_mhz,NULL,28000,https://www.nvidia.com/en-us/geforce/graphics-cards/50-series/rtx-5070-family/,0.90,www.nvidia.com,2.5v
396,gpu,needs_extra_power,NULL,True,https://www.nvidia.com/en-us/geforce/graphics-cards/50-series/rtx-5070-family/,0.90,www.nvidia.com,2.5v
396,gpu,tdp_watts,NULL,250,https://www.nvidia.com/en-us/geforce/graphics-cards/50-series/rtx-5070-family/,0.90,www.nvidia.com,2.5v
397,gpu,core_clock_mhz,NULL,2300,https://www.nvidia.com/en-us/geforce/graphics-cards/50-series/rtx-5070-family/,0.90,www.nvidia.com,2.5v
397,gpu,memory_clock_mhz,NULL,28000,https://www.nvidia.com/en-us/geforce/graphics-cards/50-series/rtx-5070-family/,0.90,www.nvidia.com,2.5v
397,gpu,needs_extra_power,NULL,True,https://www.nvidia.com/en-us/geforce/graphics-cards/50-series/rtx-5070-family/,0.90,www.nvidia.com,2.5v
397,gpu,tdp_watts,NULL,300,https://www.nvidia.com/en-us/geforce/graphics-cards/50-series/rtx-5070-family/,0.90,www.nvidia.com,2.5v
398,gpu,core_clock_mhz,NULL,2300,https://www.nvidia.com/en-us/geforce/graphics-cards/50-series/rtx-5080/,0.90,www.nvidia.com,2.5v
398,gpu,memory_clock_mhz,NULL,30000,https://www.nvidia.com/en-us/geforce/graphics-cards/50-series/rtx-5080/,0.90,www.nvidia.com,2.5v
398,gpu,needs_extra_power,NULL,True,https://www.nvidia.com/en-us/geforce/graphics-cards/50-series/rtx-5080/,0.90,www.nvidia.com,2.5v
398,gpu,tdp_watts,NULL,360,https://www.nvidia.com/en-us/geforce/graphics-cards/50-series/rtx-5080/,0.90,www.nvidia.com,2.5v
399,gpu,core_clock_mhz,NULL,2460,https://www.asrock.com/Graphics-Card/AMD/Radeon%20RX%209070%20XT%20Taichi%2016GB%20OC/index.asp,0.90,www.asrock.com,2.5v
399,gpu,memory_clock_mhz,NULL,20000,https://www.asrock.com/Graphics-Card/AMD/Radeon%20RX%209070%20XT%20Taichi%2016GB%20OC/index.asp,0.90,www.asrock.com,2.5v
399,gpu,needs_extra_power,NULL,True,https://www.asrock.com/Graphics-Card/AMD/Radeon%20RX%209070%20XT%20Taichi%2016GB%20OC/index.asp,0.90,www.asrock.com,2.5v
399,gpu,tdp_watts,NULL,304,https://www.asrock.com/Graphics-Card/AMD/Radeon%20RX%209070%20XT%20Taichi%2016GB%20OC/index.asp,0.90,www.asrock.com,2.5v
399,gpu,video_outputs,NULL,1xHDMI2.1+3xDP2.1,https://www.asrock.com/Graphics-Card/AMD/Radeon%20RX%209070%20XT%20Taichi%2016GB%20OC/index.asp,0.90,www.asrock.com,2.5v
400,gpu,core_clock_mhz,NULL,2410,https://www.nvidia.com/en-us/geforce/graphics-cards/50-series/rtx-5060-family/,0.90,www.nvidia.com,2.5v
400,gpu,memory_clock_mhz,NULL,28000,https://www.nvidia.com/en-us/geforce/graphics-cards/50-series/rtx-5060-family/,0.90,www.nvidia.com,2.5v
400,gpu,needs_extra_power,NULL,True,https://www.nvidia.com/en-us/geforce/graphics-cards/50-series/rtx-5060-family/,0.90,www.nvidia.com,2.5v
400,gpu,tdp_watts,NULL,180,https://www.nvidia.com/en-us/geforce/graphics-cards/50-series/rtx-5060-family/,0.90,www.nvidia.com,2.5v
400,gpu,video_outputs,NULL,1xHDMI2.1+3xDP2.1,https://www.nvidia.com/en-us/geforce/graphics-cards/50-series/rtx-5060-family/,0.90,www.nvidia.com,2.5v
378,motherboard,has_m2_slot,NULL,False,https://www.afox-corp.com/index.php?m=content&c=index&a=show&catid=105&id=413,0.90,www.afox-corp.com,2.5v
378,motherboard,memory_type,NULL,DDR3,https://www.afox-corp.com/index.php?m=content&c=index&a=show&catid=105&id=413,0.90,www.afox-corp.com,2.5v
379,motherboard,has_m2_slot,NULL,False,https://www.afox-corp.com/index.php?m=content&c=index&a=show&catid=105&id=434,0.90,www.afox-corp.com,2.5v
379,motherboard,memory_type,NULL,DDR4,https://www.afox-corp.com/index.php?m=content&c=index&a=show&catid=105&id=434,0.90,www.afox-corp.com,2.5v
310,psu,power_watts,NULL,1000,https://www.gamerstorm.com/product/PowerSupply/2024-11/2153_15131.shtml,0.90,www.gamerstorm.com,2.5v
321,gpu,video_outputs,NULL,1xHDMI+1xDVI-D+1xVGA,,0.85,derived_from_name,2.5v
322,gpu,video_outputs,NULL,1xHDMI+1xDVI-D+1xVGA,,0.85,derived_from_name,2.5v
323,gpu,video_outputs,NULL,1xHDMI+1xDVI-D,,0.85,derived_from_name,2.5v
324,gpu,video_outputs,NULL,1xHDMI+1xDVI-D+1xDP,,0.85,derived_from_name,2.5v
325,gpu,video_outputs,NULL,1xHDMI+1xDVI-D+1xDP,,0.85,derived_from_name,2.5v
326,gpu,video_outputs,NULL,1xHDMI+3xDP,,0.85,derived_from_name,2.5v
336,gpu,video_outputs,NULL,1xHDMI+1xDVI-D+1xVGA,,0.85,derived_from_name,2.5v
337,gpu,video_outputs,NULL,4xHDMI,,0.85,derived_from_name,2.5v
338,gpu,video_outputs,NULL,1xHDMI+1xDVI-D,,0.85,derived_from_name,2.5v
339,gpu,video_outputs,NULL,1xHDMI+1xDVI-D+1xDP,,0.85,derived_from_name,2.5v
340,gpu,video_outputs,NULL,1xHDMI+1xDVI-D+1xDP,,0.85,derived_from_name,2.5v
341,gpu,video_outputs,NULL,1xHDMI+1xDVI-D+1xDP,,0.85,derived_from_name,2.5v
342,gpu,video_outputs,NULL,1xHDMI+3xDP,,0.85,derived_from_name,2.5v
343,gpu,video_outputs,NULL,1xHDMI+1xDVI-D+1xDP,,0.85,derived_from_name,2.5v
344,gpu,video_outputs,NULL,1xHDMI+2xDP,,0.85,derived_from_name,2.5v
345,gpu,video_outputs,NULL,1xHDMI+1xDVI-D+1xDP,,0.85,derived_from_name,2.5v
346,gpu,video_outputs,NULL,1xHDMI+1xDVI-D+1xDP,,0.85,derived_from_name,2.5v
347,gpu,video_outputs,NULL,1xHDMI+1xDVI-D+1xDP,,0.85,derived_from_name,2.5v
348,gpu,video_outputs,NULL,1xHDMI+1xDVI-D+1xDP,,0.85,derived_from_name,2.5v
349,gpu,video_outputs,NULL,1xHDMI+1xDVI-D+1xDP,,0.85,derived_from_name,2.5v
350,gpu,video_outputs,NULL,1xHDMI+3xDP,,0.85,derived_from_name,2.5v
351,gpu,video_outputs,NULL,1xHDMI+3xDP,,0.85,derived_from_name,2.5v
352,gpu,video_outputs,NULL,1xHDMI+1xDVI-D+1xVGA,,0.85,derived_from_name,2.5v
353,gpu,video_outputs,NULL,2xHDMI+2xDP,,0.85,derived_from_name,2.5v
354,gpu,video_outputs,NULL,2xHDMI+2xDP,,0.85,derived_from_name,2.5v
355,gpu,video_outputs,NULL,1xHDMI+1xDVI-D+1xVGA,,0.85,derived_from_name,2.5v
356,gpu,video_outputs,NULL,1xHDMI,,0.85,derived_from_name,2.5v
357,gpu,video_outputs,NULL,1xHDMI,,0.85,derived_from_name,2.5v
358,gpu,video_outputs,NULL,2xHDMI+1xDP,,0.85,derived_from_name,2.5v
359,gpu,video_outputs,NULL,2xHDMI+1xDP,,0.85,derived_from_name,2.5v
360,gpu,video_outputs,NULL,1xHDMI+1xDVI-D+1xDP,,0.85,derived_from_name,2.5v
324,gpu,core_clock_mhz,NULL,1290,https://www.nvidia.com/en-us/geforce/10-series/,0.90,www.nvidia.com,2.5b
324,gpu,memory_clock_mhz,NULL,7000,https://www.nvidia.com/en-us/geforce/10-series/,0.90,www.nvidia.com,2.5b
324,gpu,needs_extra_power,NULL,False,https://www.nvidia.com/en-us/geforce/10-series/,0.90,www.nvidia.com,2.5b
324,gpu,tdp_watts,NULL,75,https://www.nvidia.com/en-us/geforce/10-series/,0.90,www.nvidia.com,2.5b
325,gpu,core_clock_mhz,NULL,1470,https://www.nvidia.com/en-us/geforce/graphics-cards/compare/?section=compare-20,0.90,www.nvidia.com,2.5b
325,gpu,memory_clock_mhz,NULL,14000,https://www.nvidia.com/en-us/geforce/graphics-cards/compare/?section=compare-20,0.90,www.nvidia.com,2.5b
325,gpu,needs_extra_power,NULL,True,https://www.nvidia.com/en-us/geforce/graphics-cards/compare/?section=compare-20,0.90,www.nvidia.com,2.5b
325,gpu,tdp_watts,NULL,175,https://www.nvidia.com/en-us/geforce/graphics-cards/compare/?section=compare-20,0.90,www.nvidia.com,2.5b
326,gpu,core_clock_mhz,NULL,1320,https://www.nvidia.com/en-us/geforce/graphics-cards/30-series/compare/,0.90,www.nvidia.com,2.5b
326,gpu,memory_clock_mhz,NULL,15000,https://www.nvidia.com/en-us/geforce/graphics-cards/30-series/compare/,0.90,www.nvidia.com,2.5b
326,gpu,needs_extra_power,NULL,True,https://www.nvidia.com/en-us/geforce/graphics-cards/30-series/compare/,0.90,www.nvidia.com,2.5b
326,gpu,tdp_watts,NULL,170,https://www.nvidia.com/en-us/geforce/graphics-cards/30-series/compare/,0.90,www.nvidia.com,2.5b
327,gpu,core_clock_mhz,NULL,2000,https://www.asrock.com/Graphics-Card/Intel/Intel%20Arc%20A310%20Low%20Profile%204GB/index.asp,0.90,www.asrock.com,2.5b
327,gpu,memory_clock_mhz,NULL,15500,https://www.asrock.com/Graphics-Card/Intel/Intel%20Arc%20A310%20Low%20Profile%204GB/index.asp,0.90,www.asrock.com,2.5b
327,gpu,needs_extra_power,NULL,False,https://www.asrock.com/Graphics-Card/Intel/Intel%20Arc%20A310%20Low%20Profile%204GB/index.asp,0.90,www.asrock.com,2.5b
327,gpu,tdp_watts,NULL,50,https://www.asrock.com/Graphics-Card/Intel/Intel%20Arc%20A310%20Low%20Profile%204GB/index.asp,0.90,www.asrock.com,2.5b
327,gpu,video_outputs,NULL,1xHDMI2.0+1xDP2.0,https://www.asrock.com/Graphics-Card/Intel/Intel%20Arc%20A310%20Low%20Profile%204GB/index.asp,0.90,www.asrock.com,2.5b
328,gpu,core_clock_mhz,NULL,2250,https://www.asrock.com/Graphics-Card/Intel/Intel%20Arc%20A380%20Challenger%20ITX%206GB%20OC/index.asp,0.90,www.asrock.com,2.5b
328,gpu,memory_clock_mhz,NULL,15500,https://www.asrock.com/Graphics-Card/Intel/Intel%20Arc%20A380%20Challenger%20ITX%206GB%20OC/index.asp,0.90,www.asrock.com,2.5b
328,gpu,needs_extra_power,NULL,True,https://www.asrock.com/Graphics-Card/Intel/Intel%20Arc%20A380%20Challenger%20ITX%206GB%20OC/index.asp,0.90,www.asrock.com,2.5b
328,gpu,tdp_watts,NULL,75,https://www.asrock.com/Graphics-Card/Intel/Intel%20Arc%20A380%20Challenger%20ITX%206GB%20OC/index.asp,0.90,www.asrock.com,2.5b
328,gpu,video_outputs,NULL,1xHDMI2.0+3xDP2.0,https://www.asrock.com/Graphics-Card/Intel/Intel%20Arc%20A380%20Challenger%20ITX%206GB%20OC/index.asp,0.90,www.asrock.com,2.5b
329,gpu,core_clock_mhz,NULL,2600,https://www.asrock.com/Graphics-Card/Intel/Intel%20Arc%20B570%20Challenger%2010GB%20OC/index.asp,0.90,www.asrock.com,2.5b
329,gpu,memory_clock_mhz,NULL,19000,https://www.asrock.com/Graphics-Card/Intel/Intel%20Arc%20B570%20Challenger%2010GB%20OC/index.asp,0.90,www.asrock.com,2.5b
329,gpu,needs_extra_power,NULL,True,https://www.asrock.com/Graphics-Card/Intel/Intel%20Arc%20B570%20Challenger%2010GB%20OC/index.asp,0.90,www.asrock.com,2.5b
329,gpu,tdp_watts,NULL,150,https://www.asrock.com/Graphics-Card/Intel/Intel%20Arc%20B570%20Challenger%2010GB%20OC/index.asp,0.90,www.asrock.com,2.5b
329,gpu,video_outputs,NULL,1xHDMI2.1+3xDP2.1,https://www.asrock.com/Graphics-Card/Intel/Intel%20Arc%20B570%20Challenger%2010GB%20OC/index.asp,0.90,www.asrock.com,2.5b
330,gpu,core_clock_mhz,NULL,2740,https://www.asrock.com/Graphics-Card/Intel/Intel%20Arc%20B580%20Challenger%2012GB%20OC/index.asp,0.90,www.asrock.com,2.5b
330,gpu,memory_clock_mhz,NULL,19000,https://www.asrock.com/Graphics-Card/Intel/Intel%20Arc%20B580%20Challenger%2012GB%20OC/index.asp,0.90,www.asrock.com,2.5b
330,gpu,needs_extra_power,NULL,True,https://www.asrock.com/Graphics-Card/Intel/Intel%20Arc%20B580%20Challenger%2012GB%20OC/index.asp,0.90,www.asrock.com,2.5b
330,gpu,tdp_watts,NULL,190,https://www.asrock.com/Graphics-Card/Intel/Intel%20Arc%20B580%20Challenger%2012GB%20OC/index.asp,0.90,www.asrock.com,2.5b
330,gpu,video_outputs,NULL,1xHDMI2.1+3xDP2.1,https://www.asrock.com/Graphics-Card/Intel/Intel%20Arc%20B580%20Challenger%2012GB%20OC/index.asp,0.90,www.asrock.com,2.5b
331,gpu,core_clock_mhz,NULL,2280,https://www.asrock.com/Graphics-Card/AMD/Radeon%20RX%207600%20Challenger%208GB%20OC/index.asp,0.90,www.asrock.com,2.5b
331,gpu,memory_clock_mhz,NULL,18000,https://www.asrock.com/Graphics-Card/AMD/Radeon%20RX%207600%20Challenger%208GB%20OC/index.asp,0.90,www.asrock.com,2.5b
331,gpu,needs_extra_power,NULL,True,https://www.asrock.com/Graphics-Card/AMD/Radeon%20RX%207600%20Challenger%208GB%20OC/index.asp,0.90,www.asrock.com,2.5b
331,gpu,tdp_watts,NULL,165,https://www.asrock.com/Graphics-Card/AMD/Radeon%20RX%207600%20Challenger%208GB%20OC/index.asp,0.90,www.asrock.com,2.5b
331,gpu,video_outputs,NULL,1xHDMI2.1+3xDP1.4,https://www.asrock.com/Graphics-Card/AMD/Radeon%20RX%207600%20Challenger%208GB%20OC/index.asp,0.90,www.asrock.com,2.5b
332,gpu,core_clock_mhz,NULL,2320,https://www.asrock.com/Graphics-Card/AMD/Radeon%20RX%207600%20Steel%20Legend%208GB%20OC/index.asp,0.90,www.asrock.com,2.5b
332,gpu,memory_clock_mhz,NULL,18000,https://www.asrock.com/Graphics-Card/AMD/Radeon%20RX%207600%20Steel%20Legend%208GB%20OC/index.asp,0.90,www.asrock.com,2.5b
332,gpu,needs_extra_power,NULL,True,https://www.asrock.com/Graphics-Card/AMD/Radeon%20RX%207600%20Steel%20Legend%208GB%20OC/index.asp,0.90,www.asrock.com,2.5b
332,gpu,tdp_watts,NULL,165,https://www.asrock.com/Graphics-Card/AMD/Radeon%20RX%207600%20Steel%20Legend%208GB%20OC/index.asp,0.90,www.asrock.com,2.5b
332,gpu,video_outputs,NULL,1xHDMI2.1+3xDP2.1,https://www.asrock.com/Graphics-Card/AMD/Radeon%20RX%207600%20Steel%20Legend%208GB%20OC/index.asp,0.90,www.asrock.com,2.5b
333,gpu,core_clock_mhz,NULL,2400,https://www.asrock.com/Graphics-Card/AMD/Radeon%20RX%209060%20Challenger%208GB/index.asp,0.90,www.asrock.com,2.5b
333,gpu,memory_clock_mhz,NULL,18000,https://www.asrock.com/Graphics-Card/AMD/Radeon%20RX%209060%20Challenger%208GB/index.asp,0.90,www.asrock.com,2.5b
333,gpu,needs_extra_power,NULL,True,https://www.asrock.com/Graphics-Card/AMD/Radeon%20RX%209060%20Challenger%208GB/index.asp,0.90,www.asrock.com,2.5b
333,gpu,tdp_watts,NULL,150,https://www.asrock.com/Graphics-Card/AMD/Radeon%20RX%209060%20Challenger%208GB/index.asp,0.90,www.asrock.com,2.5b
333,gpu,video_outputs,NULL,1xHDMI2.1+2xDP2.1,https://www.asrock.com/Graphics-Card/AMD/Radeon%20RX%209060%20Challenger%208GB/index.asp,0.90,www.asrock.com,2.5b
334,gpu,core_clock_mhz,NULL,2700,https://www.asrock.com/Graphics-Card/AMD/Radeon%20RX%209060%20XT%20Challenger%2016GB%20OC/index.asp,0.90,www.asrock.com,2.5b
334,gpu,memory_clock_mhz,NULL,20000,https://www.asrock.com/Graphics-Card/AMD/Radeon%20RX%209060%20XT%20Challenger%2016GB%20OC/index.asp,0.90,www.asrock.com,2.5b
334,gpu,needs_extra_power,NULL,True,https://www.asrock.com/Graphics-Card/AMD/Radeon%20RX%209060%20XT%20Challenger%2016GB%20OC/index.asp,0.90,www.asrock.com,2.5b
334,gpu,tdp_watts,NULL,160,https://www.asrock.com/Graphics-Card/AMD/Radeon%20RX%209060%20XT%20Challenger%2016GB%20OC/index.asp,0.90,www.asrock.com,2.5b
334,gpu,video_outputs,NULL,1xHDMI2.1+2xDP2.1,https://www.asrock.com/Graphics-Card/AMD/Radeon%20RX%209060%20XT%20Challenger%2016GB%20OC/index.asp,0.90,www.asrock.com,2.5b
335,gpu,core_clock_mhz,NULL,2400,https://www.asrock.com/Graphics-Card/AMD/Radeon%20RX9070XT%20MH%2016G/index.asp,0.90,www.asrock.com,2.5b
335,gpu,memory_clock_mhz,NULL,20000,https://www.asrock.com/Graphics-Card/AMD/Radeon%20RX9070XT%20MH%2016G/index.asp,0.90,www.asrock.com,2.5b
335,gpu,needs_extra_power,NULL,True,https://www.asrock.com/Graphics-Card/AMD/Radeon%20RX9070XT%20MH%2016G/index.asp,0.90,www.asrock.com,2.5b
335,gpu,tdp_watts,NULL,304,https://www.asrock.com/Graphics-Card/AMD/Radeon%20RX9070XT%20MH%2016G/index.asp,0.90,www.asrock.com,2.5b
335,gpu,video_outputs,NULL,1xHDMI2.1+3xDP2.1,https://www.asrock.com/Graphics-Card/AMD/Radeon%20RX9070XT%20MH%2016G/index.asp,0.90,www.asrock.com,2.5b
339,gpu,core_clock_mhz,NULL,1040,https://www.nvidia.com/en-us/geforce/graphics-cards/30-series/compare/,0.90,www.nvidia.com,2.5b
339,gpu,memory_clock_mhz,NULL,14000,https://www.nvidia.com/en-us/geforce/graphics-cards/30-series/compare/,0.90,www.nvidia.com,2.5b
339,gpu,needs_extra_power,NULL,False,https://www.nvidia.com/en-us/geforce/graphics-cards/30-series/compare/,0.90,www.nvidia.com,2.5b
339,gpu,tdp_watts,NULL,70,https://www.nvidia.com/en-us/geforce/graphics-cards/30-series/compare/,0.90,www.nvidia.com,2.5b
340,gpu,core_clock_mhz,NULL,1550,https://www.nvidia.com/en-us/geforce/graphics-cards/30-series/compare/,0.90,www.nvidia.com,2.5b
340,gpu,memory_clock_mhz,NULL,14000,https://www.nvidia.com/en-us/geforce/graphics-cards/30-series/compare/,0.90,www.nvidia.com,2.5b
340,gpu,needs_extra_power,NULL,True,https://www.nvidia.com/en-us/geforce/graphics-cards/30-series/compare/,0.90,www.nvidia.com,2.5b
340,gpu,tdp_watts,NULL,130,https://www.nvidia.com/en-us/geforce/graphics-cards/30-series/compare/,0.90,www.nvidia.com,2.5b
341,gpu,core_clock_mhz,NULL,1040,https://www.nvidia.com/en-us/geforce/graphics-cards/30-series/compare/,0.90,www.nvidia.com,2.5b
341,gpu,memory_clock_mhz,NULL,14000,https://www.nvidia.com/en-us/geforce/graphics-cards/30-series/compare/,0.90,www.nvidia.com,2.5b
341,gpu,needs_extra_power,NULL,False,https://www.nvidia.com/en-us/geforce/graphics-cards/30-series/compare/,0.90,www.nvidia.com,2.5b
341,gpu,tdp_watts,NULL,70,https://www.nvidia.com/en-us/geforce/graphics-cards/30-series/compare/,0.90,www.nvidia.com,2.5b
342,gpu,core_clock_mhz,NULL,2300,https://www.nvidia.com/en-us/geforce/graphics-cards/50-series/rtx-5080/,0.90,www.nvidia.com,2.5b
342,gpu,memory_clock_mhz,NULL,30000,https://www.nvidia.com/en-us/geforce/graphics-cards/50-series/rtx-5080/,0.90,www.nvidia.com,2.5b
342,gpu,needs_extra_power,NULL,True,https://www.nvidia.com/en-us/geforce/graphics-cards/50-series/rtx-5080/,0.90,www.nvidia.com,2.5b
342,gpu,tdp_watts,NULL,360,https://www.nvidia.com/en-us/geforce/graphics-cards/50-series/rtx-5080/,0.90,www.nvidia.com,2.5b
345,gpu,core_clock_mhz,NULL,1290,https://www.nvidia.com/en-us/geforce/10-series/,0.90,www.nvidia.com,2.5b
345,gpu,memory_clock_mhz,NULL,7000,https://www.nvidia.com/en-us/geforce/10-series/,0.90,www.nvidia.com,2.5b
345,gpu,needs_extra_power,NULL,False,https://www.nvidia.com/en-us/geforce/10-series/,0.90,www.nvidia.com,2.5b
345,gpu,tdp_watts,NULL,75,https://www.nvidia.com/en-us/geforce/10-series/,0.90,www.nvidia.com,2.5b
346,gpu,core_clock_mhz,NULL,1354,https://www.nvidia.com/en-us/geforce/10-series/,0.90,www.nvidia.com,2.5b
346,gpu,memory_clock_mhz,NULL,7000,https://www.nvidia.com/en-us/geforce/10-series/,0.90,www.nvidia.com,2.5b
346,gpu,needs_extra_power,NULL,False,https://www.nvidia.com/en-us/geforce/10-series/,0.90,www.nvidia.com,2.5b
346,gpu,tdp_watts,NULL,75,https://www.nvidia.com/en-us/geforce/10-series/,0.90,www.nvidia.com,2.5b
347,gpu,core_clock_mhz,NULL,1530,https://www.nvidia.com/en-us/geforce/graphics-cards/compare/?section=compare-16,0.90,www.nvidia.com,2.5b
347,gpu,memory_clock_mhz,NULL,14000,https://www.nvidia.com/en-us/geforce/graphics-cards/compare/?section=compare-16,0.90,www.nvidia.com,2.5b
347,gpu,needs_extra_power,NULL,True,https://www.nvidia.com/en-us/geforce/graphics-cards/compare/?section=compare-16,0.90,www.nvidia.com,2.5b
347,gpu,tdp_watts,NULL,125,https://www.nvidia.com/en-us/geforce/graphics-cards/compare/?section=compare-16,0.90,www.nvidia.com,2.5b
348,gpu,core_clock_mhz,NULL,1500,https://www.nvidia.com/en-us/geforce/graphics-cards/compare/?section=compare-16,0.90,www.nvidia.com,2.5b
348,gpu,memory_clock_mhz,NULL,12000,https://www.nvidia.com/en-us/geforce/graphics-cards/compare/?section=compare-16,0.90,www.nvidia.com,2.5b
348,gpu,needs_extra_power,NULL,True,https://www.nvidia.com/en-us/geforce/graphics-cards/compare/?section=compare-16,0.90,www.nvidia.com,2.5b
348,gpu,tdp_watts,NULL,120,https://www.nvidia.com/en-us/geforce/graphics-cards/compare/?section=compare-16,0.90,www.nvidia.com,2.5b
349,gpu,core_clock_mhz,NULL,1470,https://www.nvidia.com/en-us/geforce/graphics-cards/compare/?section=compare-20,0.90,www.nvidia.com,2.5b
349,gpu,memory_clock_mhz,NULL,14000,https://www.nvidia.com/en-us/geforce/graphics-cards/compare/?section=compare-20,0.90,www.nvidia.com,2.5b
349,gpu,needs_extra_power,NULL,True,https://www.nvidia.com/en-us/geforce/graphics-cards/compare/?section=compare-20,0.90,www.nvidia.com,2.5b
349,gpu,tdp_watts,NULL,175,https://www.nvidia.com/en-us/geforce/graphics-cards/compare/?section=compare-20,0.90,www.nvidia.com,2.5b
350,gpu,core_clock_mhz,NULL,1410,https://www.nvidia.com/en-us/geforce/graphics-cards/30-series/compare/,0.90,www.nvidia.com,2.5b
350,gpu,memory_clock_mhz,NULL,14000,https://www.nvidia.com/en-us/geforce/graphics-cards/30-series/compare/,0.90,www.nvidia.com,2.5b
350,gpu,needs_extra_power,NULL,True,https://www.nvidia.com/en-us/geforce/graphics-cards/30-series/compare/,0.90,www.nvidia.com,2.5b
350,gpu,tdp_watts,NULL,200,https://www.nvidia.com/en-us/geforce/graphics-cards/30-series/compare/,0.90,www.nvidia.com,2.5b
351,gpu,core_clock_mhz,NULL,1500,https://www.nvidia.com/en-us/geforce/graphics-cards/30-series/compare/,0.90,www.nvidia.com,2.5b
351,gpu,memory_clock_mhz,NULL,14000,https://www.nvidia.com/en-us/geforce/graphics-cards/30-series/compare/,0.90,www.nvidia.com,2.5b
351,gpu,needs_extra_power,NULL,True,https://www.nvidia.com/en-us/geforce/graphics-cards/30-series/compare/,0.90,www.nvidia.com,2.5b
351,gpu,tdp_watts,NULL,220,https://www.nvidia.com/en-us/geforce/graphics-cards/30-series/compare/,0.90,www.nvidia.com,2.5b
353,gpu,core_clock_mhz,NULL,1320,https://www.nvidia.com/en-us/geforce/graphics-cards/30-series/compare/,0.90,www.nvidia.com,2.5b
353,gpu,memory_clock_mhz,NULL,15000,https://www.nvidia.com/en-us/geforce/graphics-cards/30-series/compare/,0.90,www.nvidia.com,2.5b
353,gpu,needs_extra_power,NULL,True,https://www.nvidia.com/en-us/geforce/graphics-cards/30-series/compare/,0.90,www.nvidia.com,2.5b
353,gpu,tdp_watts,NULL,170,https://www.nvidia.com/en-us/geforce/graphics-cards/30-series/compare/,0.90,www.nvidia.com,2.5b
354,gpu,memory_clock_mhz,NULL,18000,https://www.asrock.com/Graphics-Card/AMD/Radeon%20RX%207600%20Challenger%208GB%20OC/index.asp,0.90,www.asrock.com,2.5b
354,gpu,needs_extra_power,NULL,True,https://www.asrock.com/Graphics-Card/AMD/Radeon%20RX%207600%20Challenger%208GB%20OC/index.asp,0.90,www.asrock.com,2.5b
354,gpu,tdp_watts,NULL,165,https://www.asrock.com/Graphics-Card/AMD/Radeon%20RX%207600%20Challenger%208GB%20OC/index.asp,0.90,www.asrock.com,2.5b
358,gpu,core_clock_mhz,NULL,1040,https://www.nvidia.com/en-us/geforce/graphics-cards/30-series/compare/,0.90,www.nvidia.com,2.5b
358,gpu,memory_clock_mhz,NULL,14000,https://www.nvidia.com/en-us/geforce/graphics-cards/30-series/compare/,0.90,www.nvidia.com,2.5b
358,gpu,needs_extra_power,NULL,False,https://www.nvidia.com/en-us/geforce/graphics-cards/30-series/compare/,0.90,www.nvidia.com,2.5b
358,gpu,tdp_watts,NULL,70,https://www.nvidia.com/en-us/geforce/graphics-cards/30-series/compare/,0.90,www.nvidia.com,2.5b
359,gpu,core_clock_mhz,NULL,1040,https://www.nvidia.com/en-us/geforce/graphics-cards/30-series/compare/,0.90,www.nvidia.com,2.5b
359,gpu,memory_clock_mhz,NULL,14000,https://www.nvidia.com/en-us/geforce/graphics-cards/30-series/compare/,0.90,www.nvidia.com,2.5b
359,gpu,needs_extra_power,NULL,False,https://www.nvidia.com/en-us/geforce/graphics-cards/30-series/compare/,0.90,www.nvidia.com,2.5b
359,gpu,tdp_watts,NULL,70,https://www.nvidia.com/en-us/geforce/graphics-cards/30-series/compare/,0.90,www.nvidia.com,2.5b
360,gpu,core_clock_mhz,NULL,1550,https://www.nvidia.com/en-us/geforce/graphics-cards/30-series/compare/,0.90,www.nvidia.com,2.5b
360,gpu,memory_clock_mhz,NULL,14000,https://www.nvidia.com/en-us/geforce/graphics-cards/30-series/compare/,0.90,www.nvidia.com,2.5b
360,gpu,needs_extra_power,NULL,True,https://www.nvidia.com/en-us/geforce/graphics-cards/30-series/compare/,0.90,www.nvidia.com,2.5b
360,gpu,tdp_watts,NULL,130,https://www.nvidia.com/en-us/geforce/graphics-cards/30-series/compare/,0.90,www.nvidia.com,2.5b
521,case,included_psu_watts,NULL,2000,https://www.aicipc.com/en/productdetail/40912,0.90,www.aicipc.com,2.5b
554,case,included_psu_watts,NULL,2000,https://www.aicipc.com/en/productdetail/40912,0.90,www.aicipc.com,2.5b
724,case,supported_form_factors,NULL,ITX|MATX|ATX|E-ATX|XL-ATX|SSI-CEB|SSI-EEB,https://www.thermaltake.com/ax700-super-tower-chassis.html,0.90,www.thermaltake.com,2.5b
944,case,supported_form_factors,NULL,ATX|SSI-CEB|SSI-EEB,https://ipc.in-win.com/rackmount-chassis-iw-rs436-07,0.90,ipc.in-win.com,2.5b
227,storage,interface,NULL,NVMe,https://www.apacer.com/en/product/personal-product/detail/personal_ssd/as2280p4_m2_pcie_gen3x4,0.90,www.apacer.com,2.5b
230,storage,interface,NULL,SATA,https://www.cisco.com/c/en/us/products/collateral/switches/catalyst-9500-series-switches/nb-06-cat9500-ser-data-sheet-cte-en.html,0.90,www.cisco.com,2.5b
295,storage,capacity_gb,NULL,500,https://www.westerndigital.com/products/internal-drives/wd-blue-desktop-sata-hdd?sku=WD5000AZLX,0.90,www.westerndigital.com,2.5b
295,storage,interface,NULL,SATA,https://www.westerndigital.com/products/internal-drives/wd-blue-desktop-sata-hdd?sku=WD5000AZLX,0.90,www.westerndigital.com,2.5b
365,storage,capacity_gb,NULL,1000,https://www.seagate.com/support/internal-hard-drives/desktop-hard-drives/barracuda-3-5/,0.90,www.seagate.com,2.5b
368,storage,capacity_gb,NULL,500,https://www.seagate.com/www-content/product-content/seagate-laptop-fam/barracuda_25/en-us/docs/100807728a.pdf,0.90,www.seagate.com,2.5b
368,storage,interface,NULL,SATA,https://www.seagate.com/www-content/product-content/seagate-laptop-fam/barracuda_25/en-us/docs/100807728a.pdf,0.90,www.seagate.com,2.5b
252,psu,power_watts,NULL,12,https://www.ui.com/products/poe-15-12w,0.90,www.ui.com,2.5b
266,psu,power_watts,NULL,550,https://www.fsp-group.com/en/product/crps/1619598470-1047.html,0.90,www.fsp-group.com,2.5b
274,psu,power_watts,NULL,40,https://www.fsp-group.com/en/product/adapter/1490166791-522.html,0.90,www.fsp-group.com,2.5b
